street,city,zip,state,beds,sq__ft,sale_date
3526 HIGH ST,SACRAMENTO,95838,CA,2,836,Wed May 21 00:00:00 EDT 2008
51 OMAHA CT,SACRAMENTO,95823,CA,3,1167,Wed May 21 00:00:00 EDT 2008
2796 BRANCH ST,SACRAMENTO,95815,CA,2,796,Wed May 21 00:00:00 EDT 2008
2805 JANETTE WAY,SACRAMENTO,95815,CA,2,852,Wed May 21 00:00:00 EDT 2008
6001 MCMAHON DR,SACRAMENTO,95824,CA,2,797,Wed May 21 00:00:00 EDT 2008
5828 PEPPERMILL CT,SACRAMENTO,95841,CA,3,1122,Wed May 21 00:00:00 EDT 2008
6048 OGDEN NASH WAY,SACRAMENTO,95842,CA,3,1104,Wed May 21 00:00:00 EDT 2008
2561 19TH AVE,SACRAMENTO,95820,CA,3,1177,Wed May 21 00:00:00 EDT 2008
11150 TRINITY RIVER DR Unit 114,RANCHO CORDOVA,95670,CA,2,941,Wed May 21 00:00:00 EDT 2008
7325 10TH ST,RIO LINDA,95673,CA,3,1146,Wed May 21 00:00:00 EDT 2008
645 MORRISON AVE,SACRAMENTO,95838,CA,3,909,Wed May 21 00:00:00 EDT 2008
4085 FAWN CIR,SACRAMENTO,95823,CA,3,1289,Wed May 21 00:00:00 EDT 2008
2930 LA ROSA RD,SACRAMENTO,95815,CA,1,871,Wed May 21 00:00:00 EDT 2008
2113 KIRK WAY,SACRAMENTO,95822,CA,3,1020,Wed May 21 00:00:00 EDT 2008
4533 LOCH HAVEN WAY,SACRAMENTO,95842,CA,2,1022,Wed May 21 00:00:00 EDT 2008
7340 HAMDEN PL,SACRAMENTO,95842,CA,2,1134,Wed May 21 00:00:00 EDT 2008
6715 6TH ST,RIO LINDA,95673,CA,2,844,Wed May 21 00:00:00 EDT 2008
6236 LONGFORD DR Unit 1,CITRUS HEIGHTS,95621,CA,2,795,Wed May 21 00:00:00 EDT 2008
250 PERALTA AVE,SACRAMENTO,95833,CA,2,588,Wed May 21 00:00:00 EDT 2008
113 LEEWILL AVE,RIO LINDA,95673,CA,3,1356,Wed May 21 00:00:00 EDT 2008
6118 STONEHAND AVE,CITRUS HEIGHTS,95621,CA,3,1118,Wed May 21 00:00:00 EDT 2008
4882 BANDALIN WAY,SACRAMENTO,95823,CA,4,1329,Wed May 21 00:00:00 EDT 2008
7511 OAKVALE CT,NORTH HIGHLANDS,95660,CA,4,1240,Wed May 21 00:00:00 EDT 2008
9 PASTURE CT,SACRAMENTO,95834,CA,3,1601,Wed May 21 00:00:00 EDT 2008
3729 BAINBRIDGE DR,NORTH HIGHLANDS,95660,CA,3,901,Wed May 21 00:00:00 EDT 2008
3828 BLACKFOOT WAY,ANTELOPE,95843,CA,3,1088,Wed May 21 00:00:00 EDT 2008
4108 NORTON WAY,SACRAMENTO,95820,CA,3,963,Wed May 21 00:00:00 EDT 2008
1469 JANRICK AVE,SACRAMENTO,95832,CA,3,1119,Wed May 21 00:00:00 EDT 2008
9861 CULP WAY,SACRAMENTO,95827,CA,4,1380,Wed May 21 00:00:00 EDT 2008
7825 CREEK VALLEY CIR,SACRAMENTO,95828,CA,3,1248,Wed May 21 00:00:00 EDT 2008
5201 LAGUNA OAKS DR Unit 140,ELK GROVE,95758,CA,2,1039,Wed May 21 00:00:00 EDT 2008
6768 MEDORA DR,NORTH HIGHLANDS,95660,CA,3,1152,Wed May 21 00:00:00 EDT 2008
3100 EXPLORER DR,SACRAMENTO,95827,CA,3,1380,Wed May 21 00:00:00 EDT 2008
7944 DOMINION WAY,ELVERTA,95626,CA,3,1116,Wed May 21 00:00:00 EDT 2008
5201 LAGUNA OAKS DR Unit 162,ELK GROVE,95758,CA,2,1039,Wed May 21 00:00:00 EDT 2008
3920 SHINING STAR DR,SACRAMENTO,95823,CA,3,1418,Wed May 21 00:00:00 EDT 2008
5031 CORVAIR ST,NORTH HIGHLANDS,95660,CA,3,1082,Wed May 21 00:00:00 EDT 2008
7661 NIXOS WAY,SACRAMENTO,95823,CA,4,1472,Wed May 21 00:00:00 EDT 2008
7044 CARTHY WAY,SACRAMENTO,95828,CA,4,1146,Wed May 21 00:00:00 EDT 2008
2442 LARKSPUR LN,SACRAMENTO,95825,CA,1,760,Wed May 21 00:00:00 EDT 2008
4800 WESTLAKE PKWY Unit 2109,SACRAMENTO,95835,CA,2,1304,Wed May 21 00:00:00 EDT 2008
2178 63RD AVE,SACRAMENTO,95822,CA,3,1207,Wed May 21 00:00:00 EDT 2008
8718 ELK WAY,ELK GROVE,95624,CA,3,1056,Wed May 21 00:00:00 EDT 2008
5708 RIDGEPOINT DR,ANTELOPE,95843,CA,2,1043,Wed May 21 00:00:00 EDT 2008
7315 KOALA CT,NORTH HIGHLANDS,95660,CA,4,1587,Wed May 21 00:00:00 EDT 2008
2622 ERIN DR,SACRAMENTO,95833,CA,4,1120,Wed May 21 00:00:00 EDT 2008
8421 SUNBLAZE WAY,SACRAMENTO,95823,CA,4,1580,Wed May 21 00:00:00 EDT 2008
7420 ALIX PKWY,SACRAMENTO,95823,CA,4,1955,Wed May 21 00:00:00 EDT 2008
3820 NATOMA WAY,SACRAMENTO,95838,CA,4,1656,Wed May 21 00:00:00 EDT 2008
4431 GREEN TREE DR,SACRAMENTO,95823,CA,3,1477,Wed May 21 00:00:00 EDT 2008
9417 SARA ST,ELK GROVE,95624,CA,3,1188,Wed May 21 00:00:00 EDT 2008
8299 HALBRITE WAY,SACRAMENTO,95828,CA,4,1590,Wed May 21 00:00:00 EDT 2008
7223 KALLIE KAY LN,SACRAMENTO,95823,CA,3,1463,Wed May 21 00:00:00 EDT 2008
8156 STEINBECK WAY,SACRAMENTO,95828,CA,4,1714,Wed May 21 00:00:00 EDT 2008
7957 VALLEY GREEN DR,SACRAMENTO,95823,CA,3,1185,Wed May 21 00:00:00 EDT 2008
1122 WILD POPPY CT,GALT,95632,CA,3,1406,Wed May 21 00:00:00 EDT 2008
4520 BOMARK WAY,SACRAMENTO,95842,CA,4,1943,Wed May 21 00:00:00 EDT 2008
9012 KIEFER BLVD,SACRAMENTO,95826,CA,3,1172,Wed May 21 00:00:00 EDT 2008
5332 SANDSTONE ST,CARMICHAEL,95608,CA,3,1152,Wed May 21 00:00:00 EDT 2008
5993 SAWYER CIR,SACRAMENTO,95823,CA,4,1851,Wed May 21 00:00:00 EDT 2008
4844 CLYDEBANK WAY,ANTELOPE,95843,CA,3,1215,Wed May 21 00:00:00 EDT 2008
306 CAMELLIA WAY,GALT,95632,CA,3,1130,Wed May 21 00:00:00 EDT 2008
9021 MADISON AVE,ORANGEVALE,95662,CA,4,1603,Wed May 21 00:00:00 EDT 2008
404 6TH ST,GALT,95632,CA,3,1479,Wed May 21 00:00:00 EDT 2008
8317 SUNNY CREEK WAY,SACRAMENTO,95823,CA,3,1420,Wed May 21 00:00:00 EDT 2008
2617 BASS CT,SACRAMENTO,95826,CA,3,1280,Wed May 21 00:00:00 EDT 2008
7005 TIANT WAY,ELK GROVE,95758,CA,3,1586,Wed May 21 00:00:00 EDT 2008
7895 CABER WAY,ANTELOPE,95843,CA,3,1362,Wed May 21 00:00:00 EDT 2008
7624 BOGEY CT,SACRAMENTO,95828,CA,4,2162,Wed May 21 00:00:00 EDT 2008
6930 HAMPTON COVE WAY,SACRAMENTO,95823,CA,3,1266,Wed May 21 00:00:00 EDT 2008
8708 MESA BROOK WAY,ELK GROVE,95624,CA,4,1715,Wed May 21 00:00:00 EDT 2008
120 GRANT LN,FOLSOM,95630,CA,3,1820,Wed May 21 00:00:00 EDT 2008
5907 ELLERSLEE DR,CARMICHAEL,95608,CA,3,936,Wed May 21 00:00:00 EDT 2008
17 SERASPI CT,SACRAMENTO,95834,CA,0,0,Wed May 21 00:00:00 EDT 2008
170 PENHOW CIR,SACRAMENTO,95834,CA,3,1511,Wed May 21 00:00:00 EDT 2008
8345 STAR THISTLE WAY,SACRAMENTO,95823,CA,4,1590,Wed May 21 00:00:00 EDT 2008
9080 FRESCA WAY,ELK GROVE,95758,CA,4,1596,Wed May 21 00:00:00 EDT 2008
391 NATALINO CIR,SACRAMENTO,95835,CA,2,1341,Wed May 21 00:00:00 EDT 2008
8373 BLACKMAN WAY,ELK GROVE,95624,CA,5,2136,Wed May 21 00:00:00 EDT 2008
9837 CORTE DORADO CT,ELK GROVE,95624,CA,4,1616,Wed May 21 00:00:00 EDT 2008
5037 J PKWY,SACRAMENTO,95823,CA,3,1478,Wed May 21 00:00:00 EDT 2008
10245 LOS PALOS DR,RANCHO CORDOVA,95670,CA,3,1287,Wed May 21 00:00:00 EDT 2008
6613 NAVION DR,CITRUS HEIGHTS,95621,CA,4,1277,Wed May 21 00:00:00 EDT 2008
2887 AZEVEDO DR,SACRAMENTO,95833,CA,4,1448,Wed May 21 00:00:00 EDT 2008
9186 KINBRACE CT,SACRAMENTO,95829,CA,4,2235,Wed May 21 00:00:00 EDT 2008
4243 MIDDLEBURY WAY,MATHER,95655,CA,3,2093,Wed May 21 00:00:00 EDT 2008
1028 FALLON PLACE CT,RIO LINDA,95673,CA,3,1193,Wed May 21 00:00:00 EDT 2008
4804 NORIKER DR,ELK GROVE,95757,CA,3,2163,Wed May 21 00:00:00 EDT 2008
7713 HARVEST WOODS DR,SACRAMENTO,95828,CA,3,1269,Wed May 21 00:00:00 EDT 2008
2866 KARITSA AVE,SACRAMENTO,95833,CA,0,0,Wed May 21 00:00:00 EDT 2008
6913 RICHEVE WAY,SACRAMENTO,95828,CA,3,958,Wed May 21 00:00:00 EDT 2008
8636 TEGEA WAY,ELK GROVE,95624,CA,5,2508,Wed May 21 00:00:00 EDT 2008
5448 MAIDSTONE WAY,CITRUS HEIGHTS,95621,CA,3,1305,Wed May 21 00:00:00 EDT 2008
18 OLLIE CT,ELK GROVE,95758,CA,4,1591,Wed May 21 00:00:00 EDT 2008
4010 ALEX LN,CARMICHAEL,95608,CA,2,1326,Wed May 21 00:00:00 EDT 2008
4901 MILLNER WAY,ELK GROVE,95757,CA,3,1843,Wed May 21 00:00:00 EDT 2008
4818 BRITTNEY LEE CT,SACRAMENTO,95841,CA,4,1921,Wed May 21 00:00:00 EDT 2008
5529 LAGUNA PARK DR,ELK GROVE,95758,CA,5,2790,Wed May 21 00:00:00 EDT 2008
230 CANDELA CIR,SACRAMENTO,95835,CA,3,1541,Wed May 21 00:00:00 EDT 2008
4900 71ST ST,SACRAMENTO,95820,CA,3,1018,Wed May 21 00:00:00 EDT 2008
12209 CONSERVANCY WAY,RANCHO CORDOVA,95742,CA,0,0,Wed May 21 00:00:00 EDT 2008
4236 NATOMAS CENTRAL DR,SACRAMENTO,95834,CA,3,1672,Wed May 21 00:00:00 EDT 2008
5615 LUPIN LN,POLLOCK PINES,95726,CA,3,1380,Wed May 21 00:00:00 EDT 2008
5625 JAMES WAY,SACRAMENTO,95822,CA,3,975,Wed May 21 00:00:00 EDT 2008
7842 LAHONTAN CT,SACRAMENTO,95829,CA,4,2372,Wed May 21 00:00:00 EDT 2008
6850 21ST ST,SACRAMENTO,95822,CA,3,1446,Wed May 21 00:00:00 EDT 2008
2900 BLAIR RD,POLLOCK PINES,95726,CA,2,1284,Wed May 21 00:00:00 EDT 2008
2064 EXPEDITION WAY,SACRAMENTO,95832,CA,4,3009,Wed May 21 00:00:00 EDT 2008
2912 NORCADE CIR,SACRAMENTO,95826,CA,8,3612,Wed May 21 00:00:00 EDT 2008
9507 SEA CLIFF WAY,ELK GROVE,95758,CA,4,2056,Wed May 21 00:00:00 EDT 2008
8882 AUTUMN GOLD CT,ELK GROVE,95624,CA,4,1993,Wed May 21 00:00:00 EDT 2008
5322 WHITE LOTUS WAY,ELK GROVE,95757,CA,3,1857,Wed May 21 00:00:00 EDT 2008
1838 CASTRO WAY,SACRAMENTO,95818,CA,2,1126,Wed May 21 00:00:00 EDT 2008
10158 CRAWFORD WAY,SACRAMENTO,95827,CA,4,2213,Wed May 21 00:00:00 EDT 2008
7731 MASTERS ST,ELK GROVE,95758,CA,5,2494,Wed May 21 00:00:00 EDT 2008
4925 PERCHERON DR,ELK GROVE,95757,CA,3,1843,Wed May 21 00:00:00 EDT 2008
2010 PROMONTORY POINT LN,GOLD RIVER,95670,CA,2,1520,Wed May 21 00:00:00 EDT 2008
4727 SAVOIE WAY,SACRAMENTO,95835,CA,5,2800,Wed May 21 00:00:00 EDT 2008
8664 MAGNOLIA HILL WAY,ELK GROVE,95624,CA,4,2309,Wed May 21 00:00:00 EDT 2008
9570 HARVEST ROSE WAY,SACRAMENTO,95827,CA,5,2367,Wed May 21 00:00:00 EDT 2008
4359 CREGAN CT,RANCHO CORDOVA,95742,CA,5,3516,Wed May 21 00:00:00 EDT 2008
5337 DUSTY ROSE WAY,RANCHO CORDOVA,95742,CA,0,0,Wed May 21 00:00:00 EDT 2008
8929 SUTTERS GOLD DR,SACRAMENTO,95826,CA,4,1914,Wed May 21 00:00:00 EDT 2008
8025 PEERLESS AVE,ORANGEVALE,95662,CA,2,1690,Wed May 21 00:00:00 EDT 2008
4620 WELERA WAY,ELK GROVE,95757,CA,3,2725,Wed May 21 00:00:00 EDT 2008
9723 TERRAPIN CT,ELK GROVE,95757,CA,4,2354,Wed May 21 00:00:00 EDT 2008
2115 SMOKESTACK WAY,SACRAMENTO,95833,CA,0,0,Wed May 21 00:00:00 EDT 2008
100 REBECCA WAY,FOLSOM,95630,CA,3,2185,Wed May 21 00:00:00 EDT 2008
9488 OAK VILLAGE WAY,ELK GROVE,95758,CA,4,1801,Wed May 21 00:00:00 EDT 2008
8495 DARTFORD DR,SACRAMENTO,95823,CA,3,1961,Wed May 21 00:00:00 EDT 2008
6708 PONTA DO SOL WAY,ELK GROVE,95757,CA,4,3134,Wed May 21 00:00:00 EDT 2008
4143 SEA MEADOW WAY,SACRAMENTO,95823,CA,4,1915,Wed May 21 00:00:00 EDT 2008
3020 RICHARDSON CIR,EL DORADO HILLS,95762,CA,3,0,Wed May 21 00:00:00 EDT 2008
8082 LINDA ISLE LN,SACRAMENTO,95831,CA,0,0,Wed May 21 00:00:00 EDT 2008
15300 MURIETA SOUTH PKWY,RANCHO MURIETA,95683,CA,4,2734,Wed May 21 00:00:00 EDT 2008
11215 SHARRMONT CT,WILTON,95693,CA,3,2110,Wed May 21 00:00:00 EDT 2008
7105 DANBERG WAY,ELK GROVE,95757,CA,5,3164,Wed May 21 00:00:00 EDT 2008
5579 JERRY LITELL WAY,SACRAMENTO,95835,CA,5,3599,Wed May 21 00:00:00 EDT 2008
1050 FOXHALL WAY,SACRAMENTO,95831,CA,4,2054,Wed May 21 00:00:00 EDT 2008
7837 ABBINGTON WAY,ANTELOPE,95843,CA,4,1830,Wed May 21 00:00:00 EDT 2008
1300 F ST,SACRAMENTO,95814,CA,3,1627,Wed May 21 00:00:00 EDT 2008
6801 RAWLEY WAY,ELK GROVE,95757,CA,4,3440,Wed May 21 00:00:00 EDT 2008
1693 SHELTER COVE DR,GREENWOOD,95635,CA,3,2846,Wed May 21 00:00:00 EDT 2008
9361 WADDELL LN,ELK GROVE,95624,CA,4,2359,Wed May 21 00:00:00 EDT 2008
10 SEA FOAM CT,SACRAMENTO,95831,CA,3,2052,Wed May 21 00:00:00 EDT 2008
6945 RIO TEJO WAY,ELK GROVE,95757,CA,5,3433,Wed May 21 00:00:00 EDT 2008
4186 TULIP PARK WAY,RANCHO CORDOVA,95742,CA,5,3615,Wed May 21 00:00:00 EDT 2008
9278 DAIRY CT,ELK GROVE,95624,CA,0,0,Wed May 21 00:00:00 EDT 2008
207 ORANGE BLOSSOM CIR Unit C,FOLSOM,95630,CA,5,2687,Wed May 21 00:00:00 EDT 2008
6507 RIO DE ONAR WAY,ELK GROVE,95757,CA,4,2724,Wed May 21 00:00:00 EDT 2008
7004 RAWLEY WAY,ELK GROVE,95757,CA,4,3440,Wed May 21 00:00:00 EDT 2008
6503 RIO DE ONAR WAY,ELK GROVE,95757,CA,5,3508,Wed May 21 00:00:00 EDT 2008
2217 APPALOOSA CT,FOLSOM,95630,CA,4,2462,Wed May 21 00:00:00 EDT 2008
868 HILDEBRAND CIR,FOLSOM,95630,CA,0,0,Wed May 21 00:00:00 EDT 2008
6030 PALERMO WAY,EL DORADO HILLS,95762,CA,4,0,Wed May 21 00:00:00 EDT 2008
4070 REDONDO DR,EL DORADO HILLS,95762,CA,4,0,Wed May 21 00:00:00 EDT 2008
4004 CRESTA WAY,SACRAMENTO,95864,CA,3,2325,Wed May 21 00:00:00 EDT 2008
315 JUMEL CT,EL DORADO HILLS,95762,CA,6,0,Wed May 21 00:00:00 EDT 2008
6272 LONGFORD DR Unit 1,CITRUS HEIGHTS,95621,CA,2,795,Tue May 20 00:00:00 EDT 2008
3432 Y ST,SACRAMENTO,95817,CA,4,1099,Tue May 20 00:00:00 EDT 2008
9512 EMERALD PARK DR Unit 3,ELK GROVE,95624,CA,2,840,Tue May 20 00:00:00 EDT 2008
3132 CLAY ST,SACRAMENTO,95815,CA,2,800,Tue May 20 00:00:00 EDT 2008
5221 38TH AVE,SACRAMENTO,95824,CA,2,746,Tue May 20 00:00:00 EDT 2008
6112 HERMOSA ST,SACRAMENTO,95822,CA,3,1067,Tue May 20 00:00:00 EDT 2008
483 ARCADE BLVD,SACRAMENTO,95815,CA,4,1316,Tue May 20 00:00:00 EDT 2008
671 SONOMA AVE,SACRAMENTO,95815,CA,3,1337,Tue May 20 00:00:00 EDT 2008
5980 79TH ST,SACRAMENTO,95824,CA,2,868,Tue May 20 00:00:00 EDT 2008
7607 ELDER CREEK RD,SACRAMENTO,95824,CA,3,924,Tue May 20 00:00:00 EDT 2008
5028 14TH AVE,SACRAMENTO,95820,CA,2,610,Tue May 20 00:00:00 EDT 2008
14788 NATCHEZ CT,RANCHO MURIETA,95683,CA,0,0,Tue May 20 00:00:00 EDT 2008
1069 ACACIA AVE,SACRAMENTO,95815,CA,2,1220,Tue May 20 00:00:00 EDT 2008
5201 LAGUNA OAKS DR Unit 199,ELK GROVE,95758,CA,1,722,Tue May 20 00:00:00 EDT 2008
3847 LAS PASAS WAY,SACRAMENTO,95864,CA,3,1643,Tue May 20 00:00:00 EDT 2008
5201 LAGUNA OAKS DR Unit 172,ELK GROVE,95758,CA,1,722,Tue May 20 00:00:00 EDT 2008
1121 CREEKSIDE WAY,GALT,95632,CA,3,1080,Tue May 20 00:00:00 EDT 2008
5307 CABRILLO WAY,SACRAMENTO,95820,CA,3,1039,Tue May 20 00:00:00 EDT 2008
3725 DON JULIO BLVD,NORTH HIGHLANDS,95660,CA,3,1051,Tue May 20 00:00:00 EDT 2008
4803 MCCLOUD DR,SACRAMENTO,95842,CA,2,967,Tue May 20 00:00:00 EDT 2008
10542 SILVERWOOD WAY,RANCHO CORDOVA,95670,CA,3,1098,Tue May 20 00:00:00 EDT 2008
6318 39TH AVE,SACRAMENTO,95824,CA,3,1050,Tue May 20 00:00:00 EDT 2008
211 MCDANIEL CIR,SACRAMENTO,95838,CA,3,1110,Tue May 20 00:00:00 EDT 2008
3800 LYNHURST WAY,NORTH HIGHLANDS,95660,CA,3,888,Tue May 20 00:00:00 EDT 2008
6139 HERMOSA ST,SACRAMENTO,95822,CA,3,1120,Tue May 20 00:00:00 EDT 2008
2505 RHINE WAY,ELVERTA,95626,CA,3,1080,Tue May 20 00:00:00 EDT 2008
3692 PAYNE WAY,NORTH HIGHLANDS,95660,CA,3,957,Tue May 20 00:00:00 EDT 2008
604 MORRISON AVE,SACRAMENTO,95838,CA,2,952,Tue May 20 00:00:00 EDT 2008
648 SANTA ANA AVE,SACRAMENTO,95838,CA,3,1211,Tue May 20 00:00:00 EDT 2008
14 ASHLEY OAKS CT,SACRAMENTO,95815,CA,3,1264,Tue May 20 00:00:00 EDT 2008
3174 NORTHVIEW DR,SACRAMENTO,95833,CA,3,1080,Tue May 20 00:00:00 EDT 2008
840 TRANQUIL LN,GALT,95632,CA,3,1266,Tue May 20 00:00:00 EDT 2008
5333 PRIMROSE DR Unit 19A,FAIR OAKS,95628,CA,2,994,Tue May 20 00:00:00 EDT 2008
1035 MILLET WAY,SACRAMENTO,95834,CA,3,1202,Tue May 20 00:00:00 EDT 2008
5201 LAGUNA OAKS DR Unit 126,ELK GROVE,95758,CA,0,0,Tue May 20 00:00:00 EDT 2008
3328 22ND AVE,SACRAMENTO,95820,CA,2,722,Tue May 20 00:00:00 EDT 2008
8001 HARTWICK WAY,SACRAMENTO,95828,CA,4,1448,Tue May 20 00:00:00 EDT 2008
7812 HARTWICK WAY,SACRAMENTO,95828,CA,3,1188,Tue May 20 00:00:00 EDT 2008
4207 PAINTER WAY,NORTH HIGHLANDS,95660,CA,4,1183,Tue May 20 00:00:00 EDT 2008
7458 WINKLEY WAY,SACRAMENTO,95822,CA,3,1320,Tue May 20 00:00:00 EDT 2008
8354 SUNRISE WOODS WAY,SACRAMENTO,95828,CA,3,1117,Tue May 20 00:00:00 EDT 2008
8116 COTTONMILL CIR,SACRAMENTO,95828,CA,3,1364,Tue May 20 00:00:00 EDT 2008
4660 CEDARWOOD WAY,SACRAMENTO,95823,CA,4,1310,Tue May 20 00:00:00 EDT 2008
9254 HARROGATE WAY,ELK GROVE,95758,CA,2,1006,Tue May 20 00:00:00 EDT 2008
6716 TAREYTON WAY,CITRUS HEIGHTS,95621,CA,3,1104,Tue May 20 00:00:00 EDT 2008
2028 ROBERT WAY,SACRAMENTO,95825,CA,2,810,Tue May 20 00:00:00 EDT 2008
9346 AIZENBERG CIR,ELK GROVE,95624,CA,2,1123,Tue May 20 00:00:00 EDT 2008
4524 LOCH HAVEN WAY,SACRAMENTO,95842,CA,2,904,Tue May 20 00:00:00 EDT 2008
7140 BLUE SPRINGS WAY,CITRUS HEIGHTS,95621,CA,3,1156,Tue May 20 00:00:00 EDT 2008
4631 11TH AVE,SACRAMENTO,95820,CA,2,1321,Tue May 20 00:00:00 EDT 2008
3228 BAGGAN CT,ANTELOPE,95843,CA,3,1392,Tue May 20 00:00:00 EDT 2008
8515 DARTFORD DR,SACRAMENTO,95823,CA,3,1439,Tue May 20 00:00:00 EDT 2008
4500 TIPPWOOD WAY,SACRAMENTO,95842,CA,3,1159,Tue May 20 00:00:00 EDT 2008
2460 EL ROCCO WAY,RANCHO CORDOVA,95670,CA,3,1671,Tue May 20 00:00:00 EDT 2008
8244 SUNBIRD WAY,SACRAMENTO,95823,CA,3,1740,Tue May 20 00:00:00 EDT 2008
5841 VALLEY VALE WAY,SACRAMENTO,95823,CA,3,1265,Tue May 20 00:00:00 EDT 2008
7863 CRESTLEIGH CT,ANTELOPE,95843,CA,2,1007,Tue May 20 00:00:00 EDT 2008
7129 SPRINGMONT DR,ELK GROVE,95758,CA,3,1716,Tue May 20 00:00:00 EDT 2008
8284 RED FOX WAY,ELK GROVE,95758,CA,4,1685,Tue May 20 00:00:00 EDT 2008
2219 EL CANTO CIR,RANCHO CORDOVA,95670,CA,4,1829,Tue May 20 00:00:00 EDT 2008
8907 GEMWOOD WAY,ELK GROVE,95758,CA,3,1555,Tue May 20 00:00:00 EDT 2008
5925 MALEVILLE AVE,CARMICHAEL,95608,CA,4,1120,Tue May 20 00:00:00 EDT 2008
7031 CANEVALLEY CIR,CITRUS HEIGHTS,95621,CA,3,1137,Tue May 20 00:00:00 EDT 2008
3949 WILDROSE WAY,SACRAMENTO,95826,CA,3,1174,Tue May 20 00:00:00 EDT 2008
4437 MITCHUM CT,ANTELOPE,95843,CA,3,1393,Tue May 20 00:00:00 EDT 2008
2778 KAWEAH CT,CAMERON PARK,95682,CA,3,0,Tue May 20 00:00:00 EDT 2008
1636 ALLENWOOD CIR,LINCOLN,95648,CA,4,0,Tue May 20 00:00:00 EDT 2008
8151 QUAIL RIDGE CT,SACRAMENTO,95828,CA,3,1289,Tue May 20 00:00:00 EDT 2008
4899 WIND CREEK DR,SACRAMENTO,95838,CA,4,1799,Tue May 20 00:00:00 EDT 2008
2370 BIG CANYON CREEK RD,PLACERVILLE,95667,CA,3,0,Tue May 20 00:00:00 EDT 2008
6049 HAMBURG WAY,SACRAMENTO,95823,CA,4,1953,Tue May 20 00:00:00 EDT 2008
4232 71ST ST,SACRAMENTO,95820,CA,2,723,Tue May 20 00:00:00 EDT 2008
3361 BOW MAR CT,CAMERON PARK,95682,CA,2,0,Tue May 20 00:00:00 EDT 2008
1889 COLD SPRINGS RD,PLACERVILLE,95667,CA,2,948,Tue May 20 00:00:00 EDT 2008
5805 HIMALAYA WAY,CITRUS HEIGHTS,95621,CA,4,1578,Tue May 20 00:00:00 EDT 2008
7944 SYLVAN OAK WAY,CITRUS HEIGHTS,95610,CA,3,1317,Tue May 20 00:00:00 EDT 2008
3139 SPOONWOOD WAY Unit 1,SACRAMENTO,95833,CA,0,0,Tue May 20 00:00:00 EDT 2008
6217 LEOLA WAY,SACRAMENTO,95824,CA,3,1360,Tue May 20 00:00:00 EDT 2008
2340 HURLEY WAY,SACRAMENTO,95825,CA,0,0,Tue May 20 00:00:00 EDT 2008
3035 BRUNNET LN,SACRAMENTO,95833,CA,3,1522,Tue May 20 00:00:00 EDT 2008
3025 EL PRADO WAY,SACRAMENTO,95825,CA,4,1751,Tue May 20 00:00:00 EDT 2008
9387 GRANITE FALLS CT,ELK GROVE,95624,CA,3,1465,Tue May 20 00:00:00 EDT 2008
9257 CALDERA WAY,SACRAMENTO,95826,CA,4,1605,Tue May 20 00:00:00 EDT 2008
441 ARLINGDALE CIR,RIO LINDA,95673,CA,4,1475,Tue May 20 00:00:00 EDT 2008
2284 LOS ROBLES RD,MEADOW VISTA,95722,CA,3,1216,Tue May 20 00:00:00 EDT 2008
8164 CHENIN BLANC LN,FAIR OAKS,95628,CA,2,1315,Tue May 20 00:00:00 EDT 2008
4620 CHAMBERLIN CIR,ELK GROVE,95757,CA,3,1567,Tue May 20 00:00:00 EDT 2008
5340 BIRK WAY,SACRAMENTO,95835,CA,3,1776,Tue May 20 00:00:00 EDT 2008
51 ANJOU CIR,SACRAMENTO,95835,CA,3,2187,Tue May 20 00:00:00 EDT 2008
2125 22ND AVE,SACRAMENTO,95822,CA,3,1291,Tue May 20 00:00:00 EDT 2008
611 BLOSSOM ROCK LN,FOLSOM,95630,CA,0,0,Tue May 20 00:00:00 EDT 2008
8830 ADUR RD,ELK GROVE,95624,CA,0,0,Tue May 20 00:00:00 EDT 2008
7344 BUTTERBALL WAY,SACRAMENTO,95842,CA,3,1503,Tue May 20 00:00:00 EDT 2008
8219 GWINHURST CIR,SACRAMENTO,95828,CA,4,2491,Tue May 20 00:00:00 EDT 2008
3240 S ST,SACRAMENTO,95816,CA,2,1269,Tue May 20 00:00:00 EDT 2008
221 PICASSO CIR,SACRAMENTO,95835,CA,0,0,Tue May 20 00:00:00 EDT 2008
5706 GREENACRES WAY,ORANGEVALE,95662,CA,3,1176,Tue May 20 00:00:00 EDT 2008
6900 LONICERA DR,ORANGEVALE,95662,CA,4,1456,Tue May 20 00:00:00 EDT 2008
419 DAWNRIDGE RD,ROSEVILLE,95678,CA,3,1498,Tue May 20 00:00:00 EDT 2008
5312 MARBURY WAY,ANTELOPE,95843,CA,3,1574,Tue May 20 00:00:00 EDT 2008
6344 BONHAM CIR,CITRUS HEIGHTS,95610,CA,5,2085,Tue May 20 00:00:00 EDT 2008
8207 YORKTON WAY,SACRAMENTO,95829,CA,3,2170,Tue May 20 00:00:00 EDT 2008
7922 MANSELL WAY,ELK GROVE,95758,CA,4,1595,Tue May 20 00:00:00 EDT 2008
5712 MELBURY CIR,ANTELOPE,95843,CA,3,1567,Tue May 20 00:00:00 EDT 2008
632 NEWBRIDGE LN,LINCOLN,95648,CA,4,0,Tue May 20 00:00:00 EDT 2008
1570 GLIDDEN AVE,SACRAMENTO,95822,CA,4,1253,Tue May 20 00:00:00 EDT 2008
8108 FILIFERA WAY,ANTELOPE,95843,CA,4,1768,Tue May 20 00:00:00 EDT 2008
230 BANKSIDE WAY,SACRAMENTO,95835,CA,0,0,Tue May 20 00:00:00 EDT 2008
5342 CALABRIA WAY,SACRAMENTO,95835,CA,4,2030,Tue May 20 00:00:00 EDT 2008
47 NAPONEE CT,SACRAMENTO,95835,CA,3,1531,Tue May 20 00:00:00 EDT 2008
4236 ADRIATIC SEA WAY,SACRAMENTO,95834,CA,0,0,Tue May 20 00:00:00 EDT 2008
8864 REMBRANT CT,ELK GROVE,95624,CA,4,1653,Tue May 20 00:00:00 EDT 2008
9455 SEA CLIFF WAY,ELK GROVE,95758,CA,4,2056,Tue May 20 00:00:00 EDT 2008
9720 LITTLE HARBOR WAY,ELK GROVE,95624,CA,4,2494,Tue May 20 00:00:00 EDT 2008
8806 PHOENIX AVE,FAIR OAKS,95628,CA,3,1450,Tue May 20 00:00:00 EDT 2008
3578 LOGGERHEAD WAY,SACRAMENTO,95834,CA,4,2169,Tue May 20 00:00:00 EDT 2008
1416 LOCKHART WAY,ROSEVILLE,95747,CA,3,1440,Tue May 20 00:00:00 EDT 2008
5413 BUENA VENTURA WAY,FAIR OAKS,95628,CA,3,1527,Tue May 20 00:00:00 EDT 2008
37 WHITE BIRCH CT,ROSEVILLE,95678,CA,3,1401,Tue May 20 00:00:00 EDT 2008
405 MARLIN SPIKE WAY,SACRAMENTO,95838,CA,3,1411,Tue May 20 00:00:00 EDT 2008
1102 CHESLEY LN,LINCOLN,95648,CA,4,0,Tue May 20 00:00:00 EDT 2008
11281 STANFORD COURT LN Unit 604,GOLD RIVER,95670,CA,0,0,Tue May 20 00:00:00 EDT 2008
7320 6TH ST,RIO LINDA,95673,CA,3,1284,Tue May 20 00:00:00 EDT 2008
993 MANTON CT,GALT,95632,CA,4,2307,Tue May 20 00:00:00 EDT 2008
4487 PANORAMA DR,PLACERVILLE,95667,CA,3,1329,Tue May 20 00:00:00 EDT 2008
5651 OVERLEAF WAY,SACRAMENTO,95835,CA,4,1910,Tue May 20 00:00:00 EDT 2008
2015 PROMONTORY POINT LN,GOLD RIVER,95670,CA,3,1981,Tue May 20 00:00:00 EDT 2008
3224 PARKHAM DR,ROSEVILLE,95747,CA,0,0,Tue May 20 00:00:00 EDT 2008
15 VANESSA PL,SACRAMENTO,95835,CA,0,0,Tue May 20 00:00:00 EDT 2008
1312 RENISON LN,LINCOLN,95648,CA,5,0,Tue May 20 00:00:00 EDT 2008
8 RIVER RAFT CT,SACRAMENTO,95823,CA,4,2205,Tue May 20 00:00:00 EDT 2008
2251 LAMPLIGHT LN,LINCOLN,95648,CA,2,1449,Tue May 20 00:00:00 EDT 2008
106 FARHAM DR,FOLSOM,95630,CA,3,1258,Tue May 20 00:00:00 EDT 2008
5405 NECTAR CIR,ELK GROVE,95757,CA,3,2575,Tue May 20 00:00:00 EDT 2008
5411 10TH AVE,SACRAMENTO,95820,CA,2,539,Tue May 20 00:00:00 EDT 2008
3512 RAINSONG CIR,RANCHO CORDOVA,95670,CA,4,2208,Tue May 20 00:00:00 EDT 2008
1106 55TH ST,SACRAMENTO,95819,CA,3,1108,Tue May 20 00:00:00 EDT 2008
411 ILLSLEY WAY,FOLSOM,95630,CA,4,1595,Tue May 20 00:00:00 EDT 2008
796 BUTTERCUP CIR,GALT,95632,CA,4,2159,Tue May 20 00:00:00 EDT 2008
1230 SANDRA CIR,PLACERVILLE,95667,CA,4,2295,Tue May 20 00:00:00 EDT 2008
318 ANACAPA DR,ROSEVILLE,95678,CA,3,1838,Tue May 20 00:00:00 EDT 2008
3975 SHINING STAR DR,SACRAMENTO,95823,CA,4,1900,Tue May 20 00:00:00 EDT 2008
1620 BASLER ST,SACRAMENTO,95811,CA,4,1718,Tue May 20 00:00:00 EDT 2008
9688 NATURE TRAIL WAY,ELK GROVE,95757,CA,5,3389,Tue May 20 00:00:00 EDT 2008
5924 TANUS CIR,ROCKLIN,95677,CA,4,0,Tue May 20 00:00:00 EDT 2008
9629 CEDAR OAK WAY,ELK GROVE,95757,CA,5,3260,Tue May 20 00:00:00 EDT 2008
3429 FERNBROOK CT,CAMERON PARK,95682,CA,3,2016,Tue May 20 00:00:00 EDT 2008
2121 HANNAH WAY,ROCKLIN,95765,CA,4,2607,Tue May 20 00:00:00 EDT 2008
10104 ANNIE ST,ELK GROVE,95757,CA,4,2724,Tue May 20 00:00:00 EDT 2008
1092 MAUGHAM CT,GALT,95632,CA,5,3746,Tue May 20 00:00:00 EDT 2008
5404 ALMOND FALLS WAY,RANCHO CORDOVA,95742,CA,0,0,Tue May 20 00:00:00 EDT 2008
6306 CONEJO,RANCHO MURIETA,95683,CA,4,3192,Tue May 20 00:00:00 EDT 2008
14 CASA VATONI PL,SACRAMENTO,95834,CA,0,0,Tue May 20 00:00:00 EDT 2008
1456 EAGLESFIELD LN,LINCOLN,95648,CA,4,0,Tue May 20 00:00:00 EDT 2008
4100 BOTHWELL CIR,EL DORADO HILLS,95762,CA,5,0,Tue May 20 00:00:00 EDT 2008
427 21ST ST,SACRAMENTO,95811,CA,2,1247,Tue May 20 00:00:00 EDT 2008
1044 GALSTON DR,FOLSOM,95630,CA,4,2581,Tue May 20 00:00:00 EDT 2008
4440 SYCAMORE AVE,SACRAMENTO,95841,CA,3,2068,Tue May 20 00:00:00 EDT 2008
1032 SOUZA DR,EL DORADO HILLS,95762,CA,3,0,Tue May 20 00:00:00 EDT 2008
9760 LAZULITE CT,ELK GROVE,95624,CA,4,3992,Tue May 20 00:00:00 EDT 2008
241 LANFRANCO CIR,SACRAMENTO,95835,CA,4,3397,Tue May 20 00:00:00 EDT 2008
5559 NORTHBOROUGH DR,SACRAMENTO,95835,CA,5,3881,Tue May 20 00:00:00 EDT 2008
2125 BIG SKY DR,ROCKLIN,95765,CA,5,0,Tue May 20 00:00:00 EDT 2008
2109 HAMLET PL,CARMICHAEL,95608,CA,2,1598,Tue May 20 00:00:00 EDT 2008
9970 STATE HIGHWAY 193,PLACERVILLE,95667,CA,4,1929,Tue May 20 00:00:00 EDT 2008
2901 PINTAIL WAY,ELK GROVE,95757,CA,4,3070,Tue May 20 00:00:00 EDT 2008
201 FIRESTONE DR,ROSEVILLE,95678,CA,0,0,Tue May 20 00:00:00 EDT 2008
1740 HIGH ST,AUBURN,95603,CA,3,0,Tue May 20 00:00:00 EDT 2008
2733 DANA LOOP,EL DORADO HILLS,95762,CA,0,0,Tue May 20 00:00:00 EDT 2008
9741 SADDLEBRED CT,WILTON,95693,CA,0,0,Tue May 20 00:00:00 EDT 2008
7756 TIGERWOODS DR,SACRAMENTO,95829,CA,5,3984,Tue May 20 00:00:00 EDT 2008
5709 RIVER OAK WAY,CARMICHAEL,95608,CA,4,2222,Tue May 20 00:00:00 EDT 2008
2981 WRINGER DR,ROSEVILLE,95661,CA,4,3838,Tue May 20 00:00:00 EDT 2008
8616 ROCKPORTE CT,ROSEVILLE,95747,CA,4,0,Tue May 20 00:00:00 EDT 2008
4128 HILL ST,FAIR OAKS,95628,CA,5,2846,Tue May 20 00:00:00 EDT 2008
1409 47TH ST,SACRAMENTO,95819,CA,5,2484,Tue May 20 00:00:00 EDT 2008
3935 EL MONTE DR,LOOMIS,95650,CA,4,1624,Tue May 20 00:00:00 EDT 2008
5840 WALERGA RD,SACRAMENTO,95842,CA,2,840,Mon May 19 00:00:00 EDT 2008
923 FULTON AVE,SACRAMENTO,95825,CA,1,484,Mon May 19 00:00:00 EDT 2008
261 REDONDO AVE,SACRAMENTO,95815,CA,3,970,Mon May 19 00:00:00 EDT 2008
4030 BROADWAY,SACRAMENTO,95817,CA,2,623,Mon May 19 00:00:00 EDT 2008
3660 22ND AVE,SACRAMENTO,95820,CA,2,932,Mon May 19 00:00:00 EDT 2008
3924 HIGH ST,SACRAMENTO,95838,CA,2,796,Mon May 19 00:00:00 EDT 2008
4734 14TH AVE,SACRAMENTO,95820,CA,2,834,Mon May 19 00:00:00 EDT 2008
4734 14TH AVE,SACRAMENTO,95820,CA,2,834,Mon May 19 00:00:00 EDT 2008
5050 RHODE ISLAND DR Unit 4,SACRAMENTO,95841,CA,2,924,Mon May 19 00:00:00 EDT 2008
4513 GREENHOLME DR,SACRAMENTO,95842,CA,2,795,Mon May 19 00:00:00 EDT 2008
3845 ELM ST,SACRAMENTO,95838,CA,3,1250,Mon May 19 00:00:00 EDT 2008
3908 17TH AVE,SACRAMENTO,95820,CA,2,984,Mon May 19 00:00:00 EDT 2008
7109 CHANDLER DR,SACRAMENTO,95828,CA,3,1013,Mon May 19 00:00:00 EDT 2008
7541 SKELTON WAY,SACRAMENTO,95822,CA,3,1012,Mon May 19 00:00:00 EDT 2008
9058 MONTOYA ST,SACRAMENTO,95826,CA,2,795,Mon May 19 00:00:00 EDT 2008
1016 CONGRESS AVE,SACRAMENTO,95838,CA,2,918,Mon May 19 00:00:00 EDT 2008
540 MORRISON AVE,SACRAMENTO,95838,CA,3,1082,Mon May 19 00:00:00 EDT 2008
5303 JERRETT WAY,SACRAMENTO,95842,CA,2,964,Mon May 19 00:00:00 EDT 2008
2820 DEL PASO BLVD,SACRAMENTO,95815,CA,4,1404,Mon May 19 00:00:00 EDT 2008
3715 TALLYHO DR Unit 78HIGH,SACRAMENTO,95826,CA,1,625,Mon May 19 00:00:00 EDT 2008
6013 ROWAN WAY,CITRUS HEIGHTS,95621,CA,2,888,Mon May 19 00:00:00 EDT 2008
2987 PONDEROSA LN,SACRAMENTO,95815,CA,4,1120,Mon May 19 00:00:00 EDT 2008
3732 LANKERSHIM WAY,NORTH HIGHLANDS,95660,CA,3,1331,Mon May 19 00:00:00 EDT 2008
2216 DUNLAP DR,SACRAMENTO,95821,CA,3,1014,Mon May 19 00:00:00 EDT 2008
3503 21ST AVE,SACRAMENTO,95820,CA,4,1448,Mon May 19 00:00:00 EDT 2008
523 EXCHANGE ST,SACRAMENTO,95838,CA,3,966,Mon May 19 00:00:00 EDT 2008
8101 PORT ROYALE WAY,SACRAMENTO,95823,CA,2,779,Mon May 19 00:00:00 EDT 2008
8020 WALERGA RD,ANTELOPE,95843,CA,2,836,Mon May 19 00:00:00 EDT 2008
167 VALLEY OAK DR,ROSEVILLE,95678,CA,2,1100,Mon May 19 00:00:00 EDT 2008
7876 BURLINGTON WAY,SACRAMENTO,95832,CA,3,1174,Mon May 19 00:00:00 EDT 2008
3726 JONKO AVE,NORTH HIGHLANDS,95660,CA,3,1207,Mon May 19 00:00:00 EDT 2008
7342 GIGI PL,SACRAMENTO,95828,CA,4,1995,Mon May 19 00:00:00 EDT 2008
2610 PHYLLIS AVE,SACRAMENTO,95820,CA,2,804,Mon May 19 00:00:00 EDT 2008
4200 COMMERCE WAY Unit 711,SACRAMENTO,95834,CA,2,958,Mon May 19 00:00:00 EDT 2008
4621 COUNTRY SCENE WAY,SACRAMENTO,95823,CA,3,1366,Mon May 19 00:00:00 EDT 2008
5380 VILLAGE WOOD DR,SACRAMENTO,95823,CA,2,901,Mon May 19 00:00:00 EDT 2008
2621 EVERGREEN ST,SACRAMENTO,95815,CA,3,696,Mon May 19 00:00:00 EDT 2008
201 CARLO CT,GALT,95632,CA,3,1080,Mon May 19 00:00:00 EDT 2008
6743 21ST ST,SACRAMENTO,95822,CA,3,1104,Mon May 19 00:00:00 EDT 2008
3128 VIA GRANDE,SACRAMENTO,95825,CA,2,972,Mon May 19 00:00:00 EDT 2008
2847 BELGRADE WAY,SACRAMENTO,95833,CA,4,1390,Mon May 19 00:00:00 EDT 2008
7741 MILLDALE CIR,ELVERTA,95626,CA,4,1354,Mon May 19 00:00:00 EDT 2008
9013 CASALS ST,SACRAMENTO,95826,CA,2,795,Mon May 19 00:00:00 EDT 2008
227 MAHAN CT Unit 1,ROSEVILLE,95678,CA,2,780,Mon May 19 00:00:00 EDT 2008
7349 FLETCHER FARM DR,SACRAMENTO,95828,CA,4,1587,Mon May 19 00:00:00 EDT 2008
7226 LARCHMONT DR,NORTH HIGHLANDS,95660,CA,3,1209,Mon May 19 00:00:00 EDT 2008
4114 35TH AVE,SACRAMENTO,95824,CA,2,1139,Mon May 19 00:00:00 EDT 2008
617 M ST,RIO LINDA,95673,CA,2,1690,Mon May 19 00:00:00 EDT 2008
7032 FAIR OAKS BLVD,CARMICHAEL,95608,CA,3,1245,Mon May 19 00:00:00 EDT 2008
2421 SANTINA WAY,ELVERTA,95626,CA,3,1416,Mon May 19 00:00:00 EDT 2008
2368 CRAIG AVE,SACRAMENTO,95832,CA,3,1300,Mon May 19 00:00:00 EDT 2008
2123 AMANDA WAY,SACRAMENTO,95822,CA,3,1120,Mon May 19 00:00:00 EDT 2008
7620 DARLA WAY,SACRAMENTO,95828,CA,4,1590,Mon May 19 00:00:00 EDT 2008
8344 FIELDPOPPY CIR,SACRAMENTO,95828,CA,3,1407,Mon May 19 00:00:00 EDT 2008
3624 20TH AVE,SACRAMENTO,95820,CA,5,1516,Mon May 19 00:00:00 EDT 2008
10001 WOODCREEK OAKS BLVD Unit 1415,ROSEVILLE,95747,CA,2,0,Mon May 19 00:00:00 EDT 2008
2848 PROVO WAY,SACRAMENTO,95822,CA,3,1646,Mon May 19 00:00:00 EDT 2008
6045 EHRHARDT AVE,SACRAMENTO,95823,CA,3,1676,Mon May 19 00:00:00 EDT 2008
1223 LAMBERTON CIR,SACRAMENTO,95838,CA,3,1370,Mon May 19 00:00:00 EDT 2008
1223 LAMBERTON CIR,SACRAMENTO,95838,CA,3,1370,Mon May 19 00:00:00 EDT 2008
6000 BIRCHGLADE WAY,CITRUS HEIGHTS,95621,CA,4,1351,Mon May 19 00:00:00 EDT 2008
7204 THOMAS DR,NORTH HIGHLANDS,95660,CA,3,1152,Mon May 19 00:00:00 EDT 2008
8363 LANGTREE WAY,SACRAMENTO,95823,CA,3,1452,Mon May 19 00:00:00 EDT 2008
1675 VERNON ST Unit 8,ROSEVILLE,95678,CA,2,990,Mon May 19 00:00:00 EDT 2008
6632 IBEX WOODS CT,CITRUS HEIGHTS,95621,CA,2,1162,Mon May 19 00:00:00 EDT 2008
117 EVCAR WAY,RIO LINDA,95673,CA,3,1182,Mon May 19 00:00:00 EDT 2008
6485 LAGUNA MIRAGE LN,ELK GROVE,95758,CA,2,1112,Mon May 19 00:00:00 EDT 2008
746 MOOSE CREEK WAY,GALT,95632,CA,3,1100,Mon May 19 00:00:00 EDT 2008
8306 CURLEW CT,CITRUS HEIGHTS,95621,CA,4,1280,Mon May 19 00:00:00 EDT 2008
8306 CURLEW CT,CITRUS HEIGHTS,95621,CA,4,1280,Mon May 19 00:00:00 EDT 2008
5217 ARGO WAY,SACRAMENTO,95820,CA,3,1039,Mon May 19 00:00:00 EDT 2008
7108 HEATHER TREE DR,SACRAMENTO,95842,CA,3,1159,Mon May 19 00:00:00 EDT 2008
2956 DAVENPORT WAY,SACRAMENTO,95833,CA,4,1917,Mon May 19 00:00:00 EDT 2008
10062 LINCOLN VILLAGE DR,SACRAMENTO,95827,CA,3,1520,Mon May 19 00:00:00 EDT 2008
332 PALIN AVE,GALT,95632,CA,3,1204,Mon May 19 00:00:00 EDT 2008
4649 FREEWAY CIR,SACRAMENTO,95841,CA,3,1120,Mon May 19 00:00:00 EDT 2008
8593 DERLIN WAY,SACRAMENTO,95823,CA,3,1436,Mon May 19 00:00:00 EDT 2008
9273 PREMIER WAY,SACRAMENTO,95826,CA,3,1451,Mon May 19 00:00:00 EDT 2008
8032 DUSENBERG CT,SACRAMENTO,95828,CA,4,1638,Mon May 19 00:00:00 EDT 2008
7110 STELLA LN Unit 15,CARMICHAEL,95608,CA,2,1000,Mon May 19 00:00:00 EDT 2008
1786 PIEDMONT WAY,ROSEVILLE,95661,CA,3,1152,Mon May 19 00:00:00 EDT 2008
1347 HIDALGO CIR,ROSEVILLE,95747,CA,3,1154,Mon May 19 00:00:00 EDT 2008
212 CAPPUCINO WAY,SACRAMENTO,95838,CA,3,1353,Mon May 19 00:00:00 EDT 2008
5938 WOODBRIAR WAY,CITRUS HEIGHTS,95621,CA,3,1329,Mon May 19 00:00:00 EDT 2008
3801 WILDROSE WAY,SACRAMENTO,95826,CA,3,1356,Mon May 19 00:00:00 EDT 2008
508 SAMUEL WAY,SACRAMENTO,95838,CA,3,1505,Mon May 19 00:00:00 EDT 2008
6128 CARL SANDBURG CIR,SACRAMENTO,95842,CA,3,1009,Mon May 19 00:00:00 EDT 2008
1 KENNELFORD CIR,SACRAMENTO,95823,CA,3,1144,Mon May 19 00:00:00 EDT 2008
909 SINGINGWOOD RD,SACRAMENTO,95864,CA,2,930,Mon May 19 00:00:00 EDT 2008
6671 FOXWOOD CT,SACRAMENTO,95841,CA,4,1766,Mon May 19 00:00:00 EDT 2008
8165 AYN RAND CT,SACRAMENTO,95828,CA,4,1940,Mon May 19 00:00:00 EDT 2008
9474 VILLAGE TREE DR,ELK GROVE,95758,CA,4,1776,Mon May 19 00:00:00 EDT 2008
7213 CALVIN DR,CITRUS HEIGHTS,95621,CA,3,1258,Mon May 19 00:00:00 EDT 2008
8167 DERBY PARK CT,SACRAMENTO,95828,CA,4,1872,Mon May 19 00:00:00 EDT 2008
6344 LAGUNA MIRAGE LN,ELK GROVE,95758,CA,2,1112,Mon May 19 00:00:00 EDT 2008
2945 RED HAWK WAY,SACRAMENTO,95833,CA,4,1856,Mon May 19 00:00:00 EDT 2008
3228 I ST,SACRAMENTO,95816,CA,4,1939,Mon May 19 00:00:00 EDT 2008
308 ATKINSON ST,ROSEVILLE,95678,CA,3,998,Mon May 19 00:00:00 EDT 2008
624 HOVEY WAY,ROSEVILLE,95678,CA,3,1758,Mon May 19 00:00:00 EDT 2008
110 COPPER LEAF WAY,SACRAMENTO,95838,CA,3,2142,Mon May 19 00:00:00 EDT 2008
7535 ALMA VISTA WAY,SACRAMENTO,95831,CA,2,950,Mon May 19 00:00:00 EDT 2008
7423 WILSALL CT,ELK GROVE,95758,CA,4,1739,Mon May 19 00:00:00 EDT 2008
8629 VIA ALTA WAY,ELK GROVE,95624,CA,3,1516,Mon May 19 00:00:00 EDT 2008
3318 DAVIDSON DR,ANTELOPE,95843,CA,3,988,Mon May 19 00:00:00 EDT 2008
913 COBDEN CT,GALT,95632,CA,4,1555,Mon May 19 00:00:00 EDT 2008
4419 79TH ST,SACRAMENTO,95820,CA,3,1212,Mon May 19 00:00:00 EDT 2008
3012 SPOONWOOD WAY,SACRAMENTO,95833,CA,4,1871,Mon May 19 00:00:00 EDT 2008
8728 CRYSTAL RIVER WAY,SACRAMENTO,95828,CA,3,1302,Mon May 19 00:00:00 EDT 2008
4709 AMBER LN Unit 1,SACRAMENTO,95841,CA,2,756,Mon May 19 00:00:00 EDT 2008
4508 OLD DAIRY DR,ANTELOPE,95843,CA,4,2026,Mon May 19 00:00:00 EDT 2008
312 RIVER ISLE WAY,SACRAMENTO,95831,CA,3,1375,Mon May 19 00:00:00 EDT 2008
301 OLIVADI WAY,SACRAMENTO,95834,CA,2,1250,Mon May 19 00:00:00 EDT 2008
5636 25TH ST,SACRAMENTO,95822,CA,3,1058,Mon May 19 00:00:00 EDT 2008
8721 SPRUCE RIDGE WAY,ANTELOPE,95843,CA,3,1187,Mon May 19 00:00:00 EDT 2008
7461 WINDBRIDGE DR,SACRAMENTO,95831,CA,2,1324,Mon May 19 00:00:00 EDT 2008
8101 LEMON COVE CT,SACRAMENTO,95828,CA,4,1936,Mon May 19 00:00:00 EDT 2008
10949 SCOTSMAN WAY,RANCHO CORDOVA,95670,CA,5,2382,Mon May 19 00:00:00 EDT 2008
617 WILLOW CREEK DR,FOLSOM,95630,CA,3,1427,Mon May 19 00:00:00 EDT 2008
3301 PARK DR Unit 1914,SACRAMENTO,95835,CA,3,1678,Mon May 19 00:00:00 EDT 2008
709 CIMMARON CT,GALT,95632,CA,4,1798,Mon May 19 00:00:00 EDT 2008
3305 RIO ROCA CT,ANTELOPE,95843,CA,4,2652,Mon May 19 00:00:00 EDT 2008
9080 BEDROCK CT,SACRAMENTO,95829,CA,4,1816,Mon May 19 00:00:00 EDT 2008
100 TOURMALINE CIR,SACRAMENTO,95834,CA,5,3076,Mon May 19 00:00:00 EDT 2008
6411 RED BIRCH WAY,ELK GROVE,95758,CA,4,1844,Mon May 19 00:00:00 EDT 2008
4867 LAGUNA DR,SACRAMENTO,95823,CA,3,1306,Mon May 19 00:00:00 EDT 2008
3662 RIVER DR,SACRAMENTO,95833,CA,4,2447,Mon May 19 00:00:00 EDT 2008
6943 WOLFGRAM WAY,SACRAMENTO,95828,CA,4,1176,Mon May 19 00:00:00 EDT 2008
77 RINETTI WAY,RIO LINDA,95673,CA,4,1182,Mon May 19 00:00:00 EDT 2008
1316 I ST,RIO LINDA,95673,CA,3,1160,Mon May 19 00:00:00 EDT 2008
2130 CATHERWOOD WAY,SACRAMENTO,95835,CA,3,1424,Mon May 19 00:00:00 EDT 2008
8304 JUGLANS DR,ORANGEVALE,95662,CA,4,1574,Mon May 19 00:00:00 EDT 2008
5308 MARBURY WAY,ANTELOPE,95843,CA,3,1830,Mon May 19 00:00:00 EDT 2008
9182 LAKEMONT DR,ELK GROVE,95624,CA,4,1724,Mon May 19 00:00:00 EDT 2008
2231 COUNTRY VILLA CT,AUBURN,95603,CA,2,1255,Mon May 19 00:00:00 EDT 2008
8491 CRYSTAL WALK CIR,ELK GROVE,95758,CA,0,0,Mon May 19 00:00:00 EDT 2008
361 MAHONIA CIR,SACRAMENTO,95835,CA,4,2175,Mon May 19 00:00:00 EDT 2008
3427 LA CADENA WAY,SACRAMENTO,95835,CA,4,1904,Mon May 19 00:00:00 EDT 2008
955 BIG SUR CT,EL DORADO HILLS,95762,CA,4,1808,Mon May 19 00:00:00 EDT 2008
11826 DIONYSUS WAY,RANCHO CORDOVA,95742,CA,4,2711,Mon May 19 00:00:00 EDT 2008
5847 DEL CAMPO LN,CARMICHAEL,95608,CA,3,1713,Mon May 19 00:00:00 EDT 2008
5635 FOXVIEW WAY,ELK GROVE,95757,CA,3,1457,Mon May 19 00:00:00 EDT 2008
10372 VIA CINTA CT,ELK GROVE,95757,CA,4,2724,Mon May 19 00:00:00 EDT 2008
6286 LONETREE BLVD,ROCKLIN,95765,CA,0,0,Mon May 19 00:00:00 EDT 2008
7744 SOUTHBREEZE DR,SACRAMENTO,95828,CA,3,1468,Mon May 19 00:00:00 EDT 2008
2242 ABLE WAY,SACRAMENTO,95835,CA,4,2550,Mon May 19 00:00:00 EDT 2008
1042 STARBROOK DR,GALT,95632,CA,4,1928,Mon May 19 00:00:00 EDT 2008
1219 G ST,SACRAMENTO,95814,CA,3,1922,Mon May 19 00:00:00 EDT 2008
6220 OPUS CT,CITRUS HEIGHTS,95621,CA,3,1343,Mon May 19 00:00:00 EDT 2008
5419 HAVENHURST CIR,ROCKLIN,95677,CA,3,1510,Mon May 19 00:00:00 EDT 2008
220 OLD AIRPORT RD,AUBURN,95603,CA,2,960,Mon May 19 00:00:00 EDT 2008
4622 MEYER WAY,CARMICHAEL,95608,CA,4,1559,Mon May 19 00:00:00 EDT 2008
4885 SUMMIT VIEW DR,EL DORADO,95623,CA,3,1624,Mon May 19 00:00:00 EDT 2008
26 JEANROSS CT,SACRAMENTO,95832,CA,5,2992,Mon May 19 00:00:00 EDT 2008
4800 MAPLEPLAIN AVE,ELK GROVE,95758,CA,4,2109,Mon May 19 00:00:00 EDT 2008
10629 BASIE WAY,RANCHO CORDOVA,95670,CA,4,1524,Mon May 19 00:00:00 EDT 2008
8612 WILLOW GROVE WAY,SACRAMENTO,95828,CA,3,1248,Mon May 19 00:00:00 EDT 2008
62 DE FER CIR,SACRAMENTO,95823,CA,4,1876,Mon May 19 00:00:00 EDT 2008
2513 OLD KENMARE RD,LINCOLN,95648,CA,5,0,Mon May 19 00:00:00 EDT 2008
3253 ABOTO WAY,RANCHO CORDOVA,95670,CA,4,1851,Mon May 19 00:00:00 EDT 2008
3072 VILLAGE PLAZA DR,ROSEVILLE,95747,CA,0,0,Mon May 19 00:00:00 EDT 2008
251 CHANGO CIR,SACRAMENTO,95835,CA,4,2218,Mon May 19 00:00:00 EDT 2008
8205 WEYBURN CT,SACRAMENTO,95828,CA,3,1394,Mon May 19 00:00:00 EDT 2008
8788 LA MARGARITA WAY,SACRAMENTO,95828,CA,3,1410,Mon May 19 00:00:00 EDT 2008
5912 DEEPDALE WAY,ELK GROVE,95758,CA,5,3468,Mon May 19 00:00:00 EDT 2008
4712 PISMO BEACH DR,ANTELOPE,95843,CA,5,2346,Mon May 19 00:00:00 EDT 2008
4741 PACIFIC PARK DR,ANTELOPE,95843,CA,5,2347,Mon May 19 00:00:00 EDT 2008
310 GROTH CIR,SACRAMENTO,95834,CA,4,1659,Mon May 19 00:00:00 EDT 2008
6121 WILD FOX CT,ELK GROVE,95757,CA,3,2442,Mon May 19 00:00:00 EDT 2008
12241 CANYONLANDS DR,RANCHO CORDOVA,95742,CA,0,0,Mon May 19 00:00:00 EDT 2008
29 COOL FOUNTAIN CT,SACRAMENTO,95833,CA,4,2155,Mon May 19 00:00:00 EDT 2008
907 RIO ROBLES AVE,SACRAMENTO,95838,CA,0,0,Mon May 19 00:00:00 EDT 2008
8909 BILLFISH WAY,SACRAMENTO,95828,CA,3,1810,Mon May 19 00:00:00 EDT 2008
6232 GUS WAY,ELK GROVE,95757,CA,4,2789,Mon May 19 00:00:00 EDT 2008
200 OAKWILDE ST,GALT,95632,CA,4,1606,Mon May 19 00:00:00 EDT 2008
1033 PARK STREAM DR,GALT,95632,CA,0,0,Mon May 19 00:00:00 EDT 2008
200 ALLAIRE CIR,SACRAMENTO,95835,CA,4,2166,Mon May 19 00:00:00 EDT 2008
1322 SUTTER WALK,SACRAMENTO,95816,CA,0,0,Mon May 19 00:00:00 EDT 2008
5479 NICKMAN WAY,SACRAMENTO,95835,CA,4,1871,Mon May 19 00:00:00 EDT 2008
2103 BURBERRY WAY,SACRAMENTO,95835,CA,3,1800,Mon May 19 00:00:00 EDT 2008
2450 SAN JOSE WAY,SACRAMENTO,95817,CA,3,1683,Mon May 19 00:00:00 EDT 2008
7641 ROSEHALL DR,ROSEVILLE,95678,CA,3,0,Mon May 19 00:00:00 EDT 2008
1336 LAYSAN TEAL DR,ROSEVILLE,95747,CA,0,0,Mon May 19 00:00:00 EDT 2008
2802 BLACK OAK DR,ROCKLIN,95765,CA,2,1596,Mon May 19 00:00:00 EDT 2008
2113 FALL TRAIL CT,PLACERVILLE,95667,CA,4,0,Mon May 19 00:00:00 EDT 2008
10112 LAMBEAU CT,ELK GROVE,95757,CA,3,1179,Mon May 19 00:00:00 EDT 2008
6313 CASTRO VERDE WAY,ELK GROVE,95757,CA,0,0,Mon May 19 00:00:00 EDT 2008
3622 CURTIS DR,SACRAMENTO,95818,CA,3,1639,Mon May 19 00:00:00 EDT 2008
11817 OPAL RIDGE WAY,RANCHO CORDOVA,95742,CA,5,3281,Mon May 19 00:00:00 EDT 2008
170 LAGOMARSINO WAY,SACRAMENTO,95819,CA,3,1697,Mon May 19 00:00:00 EDT 2008
2743 DEAKIN PL,EL DORADO HILLS,95762,CA,3,0,Mon May 19 00:00:00 EDT 2008
3361 ALDER CANYON WAY,ANTELOPE,95843,CA,4,2085,Mon May 19 00:00:00 EDT 2008
2148 RANCH VIEW DR,ROCKLIN,95765,CA,0,0,Mon May 19 00:00:00 EDT 2008
398 LINDLEY DR,SACRAMENTO,95815,CA,4,1744,Mon May 19 00:00:00 EDT 2008
3013 BRIDLEWOOD DR,EL DORADO HILLS,95762,CA,4,0,Mon May 19 00:00:00 EDT 2008
169 BAURER CIR,FOLSOM,95630,CA,4,1939,Mon May 19 00:00:00 EDT 2008
2809 LOON CT,CAMERON PARK,95682,CA,4,0,Mon May 19 00:00:00 EDT 2008
1315 KONDOS AVE,SACRAMENTO,95814,CA,2,1788,Mon May 19 00:00:00 EDT 2008
4966 CHARTER RD,ROCKLIN,95765,CA,3,1691,Mon May 19 00:00:00 EDT 2008
9516 LAGUNA LAKE WAY,ELK GROVE,95758,CA,4,2002,Mon May 19 00:00:00 EDT 2008
5201 BLOSSOM RANCH DR,ELK GROVE,95757,CA,4,4303,Mon May 19 00:00:00 EDT 2008
3027 PALMATE WAY,SACRAMENTO,95834,CA,5,4246,Mon May 19 00:00:00 EDT 2008
500 WINCHESTER CT,ROSEVILLE,95661,CA,3,2274,Mon May 19 00:00:00 EDT 2008
5746 GELSTON WAY,EL DORADO HILLS,95762,CA,4,0,Mon May 19 00:00:00 EDT 2008
6935 ELM TREE LN,ORANGEVALE,95662,CA,4,3056,Mon May 19 00:00:00 EDT 2008
9605 GOLF COURSE LN,ELK GROVE,95758,CA,3,2503,Mon May 19 00:00:00 EDT 2008
719 BAYWOOD CT,EL DORADO HILLS,95762,CA,5,0,Mon May 19 00:00:00 EDT 2008
5954 TANUS CIR,ROCKLIN,95677,CA,3,0,Mon May 19 00:00:00 EDT 2008
100 CHELSEA CT,FOLSOM,95630,CA,3,1905,Mon May 19 00:00:00 EDT 2008
1500 ORANGE HILL LN,PENRYN,95663,CA,3,1320,Mon May 19 00:00:00 EDT 2008
408 KIRKWOOD CT,LINCOLN,95648,CA,2,0,Mon May 19 00:00:00 EDT 2008
1732 TUSCAN GROVE CIR,ROSEVILLE,95747,CA,5,0,Mon May 19 00:00:00 EDT 2008
2049 EMPIRE MINE CIR,GOLD RIVER,95670,CA,4,3037,Mon May 19 00:00:00 EDT 2008
9360 MAGOS RD,WILTON,95693,CA,5,3741,Mon May 19 00:00:00 EDT 2008
104 CATLIN CT,FOLSOM,95630,CA,4,2660,Mon May 19 00:00:00 EDT 2008
4734 GIBBONS DR,CARMICHAEL,95608,CA,4,3357,Mon May 19 00:00:00 EDT 2008
4629 DORCHESTER LN,GRANITE BAY,95746,CA,5,2896,Mon May 19 00:00:00 EDT 2008
2400 COUNTRYSIDE DR,PLACERVILLE,95667,CA,3,2025,Mon May 19 00:00:00 EDT 2008
12901 FURLONG DR,WILTON,95693,CA,5,3788,Mon May 19 00:00:00 EDT 2008
6222 CALLE MONTALVO CIR,GRANITE BAY,95746,CA,5,3670,Mon May 19 00:00:00 EDT 2008
20 CRYSTALWOOD CIR,LINCOLN,95648,CA,0,0,Mon May 19 00:00:00 EDT 2008
24 CRYSTALWOOD CIR,LINCOLN,95648,CA,0,0,Mon May 19 00:00:00 EDT 2008
28 CRYSTALWOOD CIR,LINCOLN,95648,CA,0,0,Mon May 19 00:00:00 EDT 2008
32 CRYSTALWOOD CIR,LINCOLN,95648,CA,0,0,Mon May 19 00:00:00 EDT 2008
36 CRYSTALWOOD CIR,LINCOLN,95648,CA,0,0,Mon May 19 00:00:00 EDT 2008
40 CRYSTALWOOD CIR,LINCOLN,95648,CA,0,0,Mon May 19 00:00:00 EDT 2008
44 CRYSTALWOOD CIR,LINCOLN,95648,CA,0,0,Mon May 19 00:00:00 EDT 2008
48 CRYSTALWOOD CIR,LINCOLN,95648,CA,0,0,Mon May 19 00:00:00 EDT 2008
52 CRYSTALWOOD CIR,LINCOLN,95648,CA,0,0,Mon May 19 00:00:00 EDT 2008
68 CRYSTALWOOD CIR,LINCOLN,95648,CA,0,0,Mon May 19 00:00:00 EDT 2008
72 CRYSTALWOOD CIR,LINCOLN,95648,CA,0,0,Mon May 19 00:00:00 EDT 2008
76 CRYSTALWOOD CIR,LINCOLN,95648,CA,0,0,Mon May 19 00:00:00 EDT 2008
80 CRYSTALWOOD CIR,LINCOLN,95648,CA,0,0,Mon May 19 00:00:00 EDT 2008
84 CRYSTALWOOD CIR,LINCOLN,95648,CA,0,0,Mon May 19 00:00:00 EDT 2008
88 CRYSTALWOOD CIR,LINCOLN,95648,CA,0,0,Mon May 19 00:00:00 EDT 2008
92 CRYSTALWOOD CIR,LINCOLN,95648,CA,0,0,Mon May 19 00:00:00 EDT 2008
96 CRYSTALWOOD CIR,LINCOLN,95648,CA,0,0,Mon May 19 00:00:00 EDT 2008
100 CRYSTALWOOD CIR,LINCOLN,95648,CA,0,0,Mon May 19 00:00:00 EDT 2008
434 1ST ST,LINCOLN,95648,CA,0,0,Mon May 19 00:00:00 EDT 2008
3 E ST,LINCOLN,95648,CA,0,0,Mon May 19 00:00:00 EDT 2008
11 E ST,LINCOLN,95648,CA,0,0,Mon May 19 00:00:00 EDT 2008
19 E ST,LINCOLN,95648,CA,0,0,Mon May 19 00:00:00 EDT 2008
27 E ST,LINCOLN,95648,CA,0,0,Mon May 19 00:00:00 EDT 2008
35 E ST,LINCOLN,95648,CA,0,0,Mon May 19 00:00:00 EDT 2008
43 E ST,LINCOLN,95648,CA,0,0,Mon May 19 00:00:00 EDT 2008
51 E ST,LINCOLN,95648,CA,4,0,Mon May 19 00:00:00 EDT 2008
59 E ST,LINCOLN,95648,CA,3,0,Mon May 19 00:00:00 EDT 2008
75 E ST,LINCOLN,95648,CA,3,0,Mon May 19 00:00:00 EDT 2008
63 CRYSTALWOOD CIR,LINCOLN,95648,CA,0,0,Mon May 19 00:00:00 EDT 2008
398 1ST ST,LINCOLN,95648,CA,0,0,Mon May 19 00:00:00 EDT 2008
386 1ST ST,LINCOLN,95648,CA,0,0,Mon May 19 00:00:00 EDT 2008
374 1ST ST,LINCOLN,95648,CA,0,0,Mon May 19 00:00:00 EDT 2008
116 CRYSTALWOOD WAY,LINCOLN,95648,CA,0,0,Mon May 19 00:00:00 EDT 2008
108 CRYSTALWOOD WAY,LINCOLN,95648,CA,0,0,Mon May 19 00:00:00 EDT 2008
100 CRYSTALWOOD WAY,LINCOLN,95648,CA,0,0,Mon May 19 00:00:00 EDT 2008
55 CRYSTALWOOD CIR,LINCOLN,95648,CA,0,0,Mon May 19 00:00:00 EDT 2008
51 CRYSTALWOOD CIR,LINCOLN,95648,CA,0,0,Mon May 19 00:00:00 EDT 2008
47 CRYSTALWOOD CIR,LINCOLN,95648,CA,0,0,Mon May 19 00:00:00 EDT 2008
43 CRYSTALWOOD CIR,LINCOLN,95648,CA,0,0,Mon May 19 00:00:00 EDT 2008
39 CRYSTALWOOD CIR,LINCOLN,95648,CA,0,0,Mon May 19 00:00:00 EDT 2008
35 CRYSTALWOOD CIR,LINCOLN,95648,CA,0,0,Mon May 19 00:00:00 EDT 2008
31 CRYSTALWOOD CIR,LINCOLN,95648,CA,0,0,Mon May 19 00:00:00 EDT 2008
27 CRYSTALWOOD CIR,LINCOLN,95648,CA,0,0,Mon May 19 00:00:00 EDT 2008
23 CRYSTALWOOD CIR,LINCOLN,95648,CA,0,0,Mon May 19 00:00:00 EDT 2008
19 CRYSTALWOOD CIR,LINCOLN,95648,CA,0,0,Mon May 19 00:00:00 EDT 2008
15 CRYSTALWOOD CIR,LINCOLN,95648,CA,0,0,Mon May 19 00:00:00 EDT 2008
7 CRYSTALWOOD CIR,LINCOLN,95648,CA,0,0,Mon May 19 00:00:00 EDT 2008
7 CRYSTALWOOD CIR,LINCOLN,95648,CA,0,0,Mon May 19 00:00:00 EDT 2008
3 CRYSTALWOOD CIR,LINCOLN,95648,CA,0,0,Mon May 19 00:00:00 EDT 2008
8208 WOODYARD WAY,CITRUS HEIGHTS,95621,CA,3,1166,Fri May 16 00:00:00 EDT 2008
113 RINETTI WAY,RIO LINDA,95673,CA,0,0,Fri May 16 00:00:00 EDT 2008
15 LOORZ CT,SACRAMENTO,95823,CA,2,838,Fri May 16 00:00:00 EDT 2008
5805 DOTMAR WAY,NORTH HIGHLANDS,95660,CA,2,904,Fri May 16 00:00:00 EDT 2008
2332 CAMBRIDGE ST,SACRAMENTO,95815,CA,2,1032,Fri May 16 00:00:00 EDT 2008
3812 BELDEN ST,SACRAMENTO,95838,CA,2,904,Fri May 16 00:00:00 EDT 2008
3348 40TH ST,SACRAMENTO,95817,CA,2,1080,Fri May 16 00:00:00 EDT 2008
127 QUASAR CIR,SACRAMENTO,95822,CA,2,990,Fri May 16 00:00:00 EDT 2008
3812 CYPRESS ST,SACRAMENTO,95838,CA,2,900,Fri May 16 00:00:00 EDT 2008
5821 64TH ST,SACRAMENTO,95824,CA,2,861,Fri May 16 00:00:00 EDT 2008
8248 CENTER PKWY,SACRAMENTO,95823,CA,2,906,Fri May 16 00:00:00 EDT 2008
1171 SONOMA AVE,SACRAMENTO,95815,CA,2,1011,Fri May 16 00:00:00 EDT 2008
4250 ARDWELL WAY,SACRAMENTO,95823,CA,3,1089,Fri May 16 00:00:00 EDT 2008
3104 CLAY ST,SACRAMENTO,95815,CA,2,832,Fri May 16 00:00:00 EDT 2008
6063 LAND PARK DR,SACRAMENTO,95822,CA,2,800,Fri May 16 00:00:00 EDT 2008
4738 OAKHOLLOW DR,SACRAMENTO,95842,CA,4,1292,Fri May 16 00:00:00 EDT 2008
1401 STERLING ST,SACRAMENTO,95822,CA,2,810,Fri May 16 00:00:00 EDT 2008
3715 DIDCOT CIR,SACRAMENTO,95838,CA,4,1064,Fri May 16 00:00:00 EDT 2008
2426 RASHAWN DR,RANCHO CORDOVA,95670,CA,2,911,Fri May 16 00:00:00 EDT 2008
4800 WESTLAKE PKWY Unit 410,SACRAMENTO,95835,CA,1,846,Fri May 16 00:00:00 EDT 2008
3409 VIRGO ST,SACRAMENTO,95827,CA,3,1320,Fri May 16 00:00:00 EDT 2008
1110 PINEDALE AVE,SACRAMENTO,95838,CA,3,1410,Fri May 16 00:00:00 EDT 2008
2361 LA LOMA DR,RANCHO CORDOVA,95670,CA,3,1115,Fri May 16 00:00:00 EDT 2008
1455 64TH AVE,SACRAMENTO,95822,CA,3,1169,Fri May 16 00:00:00 EDT 2008
7328 SPRINGMAN ST,SACRAMENTO,95822,CA,3,1164,Fri May 16 00:00:00 EDT 2008
119 SAINT MARIE CIR,SACRAMENTO,95823,CA,4,1341,Fri May 16 00:00:00 EDT 2008
12 COSTA BRASE CT,SACRAMENTO,95838,CA,3,1219,Fri May 16 00:00:00 EDT 2008
6813 SCOTER WAY,SACRAMENTO,95842,CA,4,1127,Fri May 16 00:00:00 EDT 2008
6548 GRAYLOCK LN,NORTH HIGHLANDS,95660,CA,3,1272,Fri May 16 00:00:00 EDT 2008
1630 GLIDDEN AVE,SACRAMENTO,95822,CA,4,1253,Fri May 16 00:00:00 EDT 2008
7825 DALEWOODS WAY,SACRAMENTO,95828,CA,3,1120,Fri May 16 00:00:00 EDT 2008
4073 TRESLER AVE,NORTH HIGHLANDS,95660,CA,2,1118,Fri May 16 00:00:00 EDT 2008
4288 DYMIC WAY,SACRAMENTO,95838,CA,4,1890,Fri May 16 00:00:00 EDT 2008
1158 SAN IGNACIO WAY,SACRAMENTO,95833,CA,3,1260,Fri May 16 00:00:00 EDT 2008
4904 J PKWY,SACRAMENTO,95823,CA,3,1400,Fri May 16 00:00:00 EDT 2008
2931 HOWE AVE,SACRAMENTO,95821,CA,3,1264,Fri May 16 00:00:00 EDT 2008
5531 JANSEN DR,SACRAMENTO,95824,CA,3,1060,Fri May 16 00:00:00 EDT 2008
7836 ORCHARD WOODS CIR,SACRAMENTO,95828,CA,2,1132,Fri May 16 00:00:00 EDT 2008
4055 DEERBROOK DR,SACRAMENTO,95823,CA,3,1466,Fri May 16 00:00:00 EDT 2008
9937 BURLINE ST,SACRAMENTO,95827,CA,3,1092,Fri May 16 00:00:00 EDT 2008
6948 MIRADOR WAY,SACRAMENTO,95828,CA,4,1628,Fri May 16 00:00:00 EDT 2008
4909 RUGER CT,SACRAMENTO,95842,CA,3,960,Fri May 16 00:00:00 EDT 2008
7204 KERSTEN ST,CITRUS HEIGHTS,95621,CA,3,1075,Fri May 16 00:00:00 EDT 2008
3150 ROSEMONT DR,SACRAMENTO,95826,CA,3,1428,Fri May 16 00:00:00 EDT 2008
8200 STEINBECK WAY,SACRAMENTO,95828,CA,4,1358,Fri May 16 00:00:00 EDT 2008
8198 STEVENSON AVE,SACRAMENTO,95828,CA,6,2475,Fri May 16 00:00:00 EDT 2008
6824 OLIVE TREE WAY,CITRUS HEIGHTS,95610,CA,3,1410,Fri May 16 00:00:00 EDT 2008
3536 SUN MAIDEN WAY,ANTELOPE,95843,CA,3,1711,Fri May 16 00:00:00 EDT 2008
4517 OLYMPIAD WAY,SACRAMENTO,95826,CA,4,1483,Fri May 16 00:00:00 EDT 2008
925 COBDEN CT,GALT,95632,CA,3,1140,Fri May 16 00:00:00 EDT 2008
8225 SCOTTSDALE DR,SACRAMENTO,95828,CA,4,1549,Fri May 16 00:00:00 EDT 2008
8758 LEMAS RD,SACRAMENTO,95828,CA,3,1410,Fri May 16 00:00:00 EDT 2008
6121 ALPINESPRING WAY,ELK GROVE,95758,CA,3,1240,Fri May 16 00:00:00 EDT 2008
5937 YORK GLEN WAY,SACRAMENTO,95842,CA,5,1712,Fri May 16 00:00:00 EDT 2008
6417 SUNNYFIELD WAY,SACRAMENTO,95823,CA,4,1580,Fri May 16 00:00:00 EDT 2008
4008 GREY LIVERY WAY,ANTELOPE,95843,CA,3,1669,Fri May 16 00:00:00 EDT 2008
8920 ROSETTA CIR,SACRAMENTO,95826,CA,3,1029,Fri May 16 00:00:00 EDT 2008
8300 LICHEN DR,CITRUS HEIGHTS,95621,CA,3,1103,Fri May 16 00:00:00 EDT 2008
8884 AMBERJACK WAY,SACRAMENTO,95828,CA,3,2161,Fri May 16 00:00:00 EDT 2008
4480 VALLEY HI DR,SACRAMENTO,95823,CA,3,1650,Fri May 16 00:00:00 EDT 2008
2250 FOREBAY RD,POLLOCK PINES,95726,CA,3,1320,Fri May 16 00:00:00 EDT 2008
3529 FABERGE WAY,SACRAMENTO,95826,CA,3,1200,Fri May 16 00:00:00 EDT 2008
1792 DAWNELLE WAY,SACRAMENTO,95835,CA,3,1170,Fri May 16 00:00:00 EDT 2008
7800 TABARE CT,CITRUS HEIGHTS,95621,CA,3,1199,Fri May 16 00:00:00 EDT 2008
8531 HERMITAGE WAY,SACRAMENTO,95823,CA,4,1695,Fri May 16 00:00:00 EDT 2008
2421 BERRYWOOD DR,RANCHO CORDOVA,95670,CA,3,1157,Fri May 16 00:00:00 EDT 2008
1005 MORENO WAY,SACRAMENTO,95838,CA,3,1410,Fri May 16 00:00:00 EDT 2008
1675 VERNON ST Unit 24,ROSEVILLE,95678,CA,3,1174,Fri May 16 00:00:00 EDT 2008
24 WINDCHIME CT,SACRAMENTO,95823,CA,3,1593,Fri May 16 00:00:00 EDT 2008
540 HARLING CT,RIO LINDA,95673,CA,3,1093,Fri May 16 00:00:00 EDT 2008
1207 CRESCENDO DR,ROSEVILLE,95678,CA,3,1770,Fri May 16 00:00:00 EDT 2008
7577 EDDYLEE WAY,SACRAMENTO,95822,CA,4,1436,Fri May 16 00:00:00 EDT 2008
8369 FOPPIANO WAY,SACRAMENTO,95829,CA,3,1124,Fri May 16 00:00:00 EDT 2008
8817 SAWTELLE WAY,SACRAMENTO,95826,CA,4,1139,Fri May 16 00:00:00 EDT 2008
1910 BONAVISTA WAY,SACRAMENTO,95832,CA,3,1638,Fri May 16 00:00:00 EDT 2008
8 TIDE CT,SACRAMENTO,95833,CA,3,1328,Fri May 16 00:00:00 EDT 2008
8952 ROCKY CREEK CT,ELK GROVE,95758,CA,3,1273,Fri May 16 00:00:00 EDT 2008
435 EXCHANGE ST,SACRAMENTO,95838,CA,3,1082,Fri May 16 00:00:00 EDT 2008
10105 MONTE VALLO CT,SACRAMENTO,95827,CA,4,1578,Fri May 16 00:00:00 EDT 2008
3930 ANNABELLE AVE,ROSEVILLE,95661,CA,2,796,Fri May 16 00:00:00 EDT 2008
4854 TANGERINE AVE,SACRAMENTO,95823,CA,3,1386,Fri May 16 00:00:00 EDT 2008
2909 SHAWN WAY,RANCHO CORDOVA,95670,CA,3,1452,Fri May 16 00:00:00 EDT 2008
4290 BLACKFORD WAY,SACRAMENTO,95823,CA,3,1513,Fri May 16 00:00:00 EDT 2008
5890 TT TRAK,FORESTHILL,95631,CA,0,0,Fri May 16 00:00:00 EDT 2008
7015 WOODSIDE DR,SACRAMENTO,95842,CA,4,1578,Fri May 16 00:00:00 EDT 2008
6019 CHESHIRE WAY,CITRUS HEIGHTS,95610,CA,4,1736,Fri May 16 00:00:00 EDT 2008
3330 VILLAGE CT,CAMERON PARK,95682,CA,2,0,Fri May 16 00:00:00 EDT 2008
2561 VERNA WAY,SACRAMENTO,95821,CA,3,1473,Fri May 16 00:00:00 EDT 2008
3522 22ND AVE,SACRAMENTO,95820,CA,3,1150,Fri May 16 00:00:00 EDT 2008
2880 CANDIDO DR,SACRAMENTO,95833,CA,3,1127,Fri May 16 00:00:00 EDT 2008
6908 PIN OAK CT,FAIR OAKS,95628,CA,3,1144,Fri May 16 00:00:00 EDT 2008
5733 ANGELINA AVE,CARMICHAEL,95608,CA,3,972,Fri May 16 00:00:00 EDT 2008
7849 BONNY DOWNS WAY,ELK GROVE,95758,CA,4,2306,Fri May 16 00:00:00 EDT 2008
8716 LONGSPUR WAY,ANTELOPE,95843,CA,3,1479,Fri May 16 00:00:00 EDT 2008
6320 EL DORADO ST,EL DORADO,95623,CA,2,1040,Fri May 16 00:00:00 EDT 2008
2328 DOROTHY JUNE WAY,SACRAMENTO,95838,CA,3,1430,Fri May 16 00:00:00 EDT 2008
1986 DANVERS WAY,SACRAMENTO,95832,CA,4,1800,Fri May 16 00:00:00 EDT 2008
7901 GAZELLE TRAIL WAY,ANTELOPE,95843,CA,4,1953,Fri May 16 00:00:00 EDT 2008
6080 BRIDGECROSS DR,SACRAMENTO,95835,CA,3,1120,Fri May 16 00:00:00 EDT 2008
20 GROTH CIR,SACRAMENTO,95834,CA,3,1232,Fri May 16 00:00:00 EDT 2008
1900 DANBROOK DR,SACRAMENTO,95835,CA,1,984,Fri May 16 00:00:00 EDT 2008
140 VENTO CT,ROSEVILLE,95678,CA,3,0,Fri May 16 00:00:00 EDT 2008
8442 KEUSMAN ST,ELK GROVE,95758,CA,4,2329,Fri May 16 00:00:00 EDT 2008
9552 SUNLIGHT LN,ELK GROVE,95758,CA,3,1351,Fri May 16 00:00:00 EDT 2008
2733 YUMA CT,CAMERON PARK,95682,CA,2,0,Fri May 16 00:00:00 EDT 2008
1407 TIFFANY CIR,ROSEVILLE,95661,CA,4,1376,Fri May 16 00:00:00 EDT 2008
636 CRESTVIEW DR,DIAMOND SPRINGS,95619,CA,3,1300,Fri May 16 00:00:00 EDT 2008
1528 HESKET WAY,SACRAMENTO,95825,CA,4,1566,Fri May 16 00:00:00 EDT 2008
2327 32ND ST,SACRAMENTO,95817,CA,2,1115,Fri May 16 00:00:00 EDT 2008
1833 2ND AVE,SACRAMENTO,95818,CA,2,1032,Fri May 16 00:00:00 EDT 2008
7252 CARRIAGE DR,CITRUS HEIGHTS,95621,CA,4,1419,Fri May 16 00:00:00 EDT 2008
9815 PASO FINO WAY,ELK GROVE,95757,CA,3,1261,Fri May 16 00:00:00 EDT 2008
5532 ENGLE RD,CARMICHAEL,95608,CA,2,1637,Fri May 16 00:00:00 EDT 2008
1139 CLINTON RD,SACRAMENTO,95825,CA,4,1776,Fri May 16 00:00:00 EDT 2008
9176 SAGE GLEN WAY,ELK GROVE,95758,CA,3,1338,Fri May 16 00:00:00 EDT 2008
9967 HATHERTON WAY,ELK GROVE,95757,CA,0,0,Fri May 16 00:00:00 EDT 2008
9264 BOULDER RIVER WAY,ELK GROVE,95624,CA,5,2254,Fri May 16 00:00:00 EDT 2008
320 GROTH CIR,SACRAMENTO,95834,CA,3,1441,Fri May 16 00:00:00 EDT 2008
137 GUNNISON AVE,SACRAMENTO,95838,CA,4,1991,Fri May 16 00:00:00 EDT 2008
8209 RIVALLO WAY,SACRAMENTO,95829,CA,4,2126,Fri May 16 00:00:00 EDT 2008
8637 PERIWINKLE CIR,ELK GROVE,95624,CA,3,1094,Fri May 16 00:00:00 EDT 2008
3425 MEADOW WAY,ROCKLIN,95677,CA,3,1462,Fri May 16 00:00:00 EDT 2008
107 JARVIS CIR,SACRAMENTO,95834,CA,5,2258,Fri May 16 00:00:00 EDT 2008
2319 THORES ST,RANCHO CORDOVA,95670,CA,3,1074,Fri May 16 00:00:00 EDT 2008
8935 MOUNTAIN HOME CT,ELK GROVE,95624,CA,4,2111,Fri May 16 00:00:00 EDT 2008
2566 SERENATA WAY,SACRAMENTO,95835,CA,3,1686,Fri May 16 00:00:00 EDT 2008
4085 COUNTRY DR,ANTELOPE,95843,CA,4,1915,Fri May 16 00:00:00 EDT 2008
9297 TROUT WAY,ELK GROVE,95624,CA,4,2367,Fri May 16 00:00:00 EDT 2008
7 ARCHIBALD CT,SACRAMENTO,95823,CA,3,1962,Fri May 16 00:00:00 EDT 2008
11130 EEL RIVER CT,RANCHO CORDOVA,95670,CA,2,1406,Fri May 16 00:00:00 EDT 2008
8323 REDBANK WAY,SACRAMENTO,95829,CA,3,1789,Fri May 16 00:00:00 EDT 2008
16 BRONCO CREEK CT,SACRAMENTO,95835,CA,4,1876,Fri May 16 00:00:00 EDT 2008
8316 NORTHAM DR,ANTELOPE,95843,CA,3,1235,Fri May 16 00:00:00 EDT 2008
4240 WINJE DR,ANTELOPE,95843,CA,4,2504,Fri May 16 00:00:00 EDT 2008
3569 SODA WAY,SACRAMENTO,95834,CA,0,0,Fri May 16 00:00:00 EDT 2008
5118 ROBANDER ST,CARMICHAEL,95608,CA,3,1676,Fri May 16 00:00:00 EDT 2008
5976 KYLENCH CT,CITRUS HEIGHTS,95621,CA,3,1367,Fri May 16 00:00:00 EDT 2008
9247 DELAIR WAY,ELK GROVE,95758,CA,4,1899,Fri May 16 00:00:00 EDT 2008
9054 DESCENDANT DR,ELK GROVE,95758,CA,3,1636,Fri May 16 00:00:00 EDT 2008
3450 WHITNOR CT,SACRAMENTO,95821,CA,3,1828,Fri May 16 00:00:00 EDT 2008
6288 LONETREE BLVD,ROCKLIN,95765,CA,0,0,Fri May 16 00:00:00 EDT 2008
9355 MATADOR WAY,SACRAMENTO,95826,CA,4,1438,Fri May 16 00:00:00 EDT 2008
8671 SUMMER SUN WAY,ELK GROVE,95624,CA,3,1451,Fri May 16 00:00:00 EDT 2008
1890 GENEVA PL,SACRAMENTO,95825,CA,3,1520,Fri May 16 00:00:00 EDT 2008
1813 AVENIDA MARTINA,ROSEVILLE,95747,CA,3,1506,Fri May 16 00:00:00 EDT 2008
191 BARNHART CIR,SACRAMENTO,95835,CA,4,2605,Fri May 16 00:00:00 EDT 2008
6221 GREEN TOP WAY,ORANGEVALE,95662,CA,3,1196,Fri May 16 00:00:00 EDT 2008
2298 PRIMROSE LN,LINCOLN,95648,CA,3,1621,Fri May 16 00:00:00 EDT 2008
5635 LOS PUEBLOS WAY,SACRAMENTO,95835,CA,3,1811,Fri May 16 00:00:00 EDT 2008
10165 LOFTON WAY,ELK GROVE,95757,CA,3,1540,Fri May 16 00:00:00 EDT 2008
1251 GREEN RAVINE DR,LINCOLN,95648,CA,4,0,Fri May 16 00:00:00 EDT 2008
6001 SHOO FLY RD,PLACERVILLE,95667,CA,0,0,Fri May 16 00:00:00 EDT 2008
3040 PARKHAM DR,ROSEVILLE,95747,CA,0,0,Fri May 16 00:00:00 EDT 2008
2674 TAM O SHANTER DR,EL DORADO HILLS,95762,CA,4,0,Fri May 16 00:00:00 EDT 2008
6007 MARYBELLE LN,SHINGLE SPRINGS,95682,CA,0,0,Fri May 16 00:00:00 EDT 2008
9949 NESTLING CIR,ELK GROVE,95757,CA,3,1543,Fri May 16 00:00:00 EDT 2008
2915 HOLDREGE WAY,SACRAMENTO,95835,CA,5,2494,Fri May 16 00:00:00 EDT 2008
2678 BRIARTON DR,LINCOLN,95648,CA,3,1650,Fri May 16 00:00:00 EDT 2008
294 SPARROW DR,GALT,95632,CA,4,2214,Fri May 16 00:00:00 EDT 2008
2987 DIORITE WAY,SACRAMENTO,95835,CA,5,2280,Fri May 16 00:00:00 EDT 2008
6326 APPIAN WAY,CARMICHAEL,95608,CA,3,1443,Fri May 16 00:00:00 EDT 2008
6905 COBALT WAY,CITRUS HEIGHTS,95621,CA,4,1582,Fri May 16 00:00:00 EDT 2008
8986 HAFLINGER WAY,ELK GROVE,95757,CA,3,1857,Fri May 16 00:00:00 EDT 2008
2916 BABSON DR,ELK GROVE,95758,CA,3,1735,Fri May 16 00:00:00 EDT 2008
10133 NEBBIOLO CT,ELK GROVE,95624,CA,4,2096,Fri May 16 00:00:00 EDT 2008
1103 COMMONS DR,SACRAMENTO,95825,CA,3,1720,Fri May 16 00:00:00 EDT 2008
4636 TEAL BAY CT,ANTELOPE,95843,CA,4,2160,Fri May 16 00:00:00 EDT 2008
1524 YOUNGS AVE,SACRAMENTO,95838,CA,4,1382,Fri May 16 00:00:00 EDT 2008
865 CONRAD CT,PLACERVILLE,95667,CA,3,0,Fri May 16 00:00:00 EDT 2008
8463 TERRACOTTA CT,ELK GROVE,95624,CA,4,1721,Fri May 16 00:00:00 EDT 2008
5747 KING RD,LOOMIS,95650,CA,4,1328,Fri May 16 00:00:00 EDT 2008
8253 KEEGAN WAY,ELK GROVE,95624,CA,0,0,Fri May 16 00:00:00 EDT 2008
9204 TROUT WAY,ELK GROVE,95624,CA,4,1982,Fri May 16 00:00:00 EDT 2008
1828 2ND AVE,SACRAMENTO,95818,CA,2,1144,Fri May 16 00:00:00 EDT 2008
1113 COMMONS DR,SACRAMENTO,95825,CA,2,1623,Fri May 16 00:00:00 EDT 2008
2341 BIG STRIKE TRL,COOL,95614,CA,3,1457,Fri May 16 00:00:00 EDT 2008
9452 RED SPRUCE WAY,ELK GROVE,95624,CA,6,2555,Fri May 16 00:00:00 EDT 2008
5776 TERRACE DR,ROCKLIN,95765,CA,3,1577,Fri May 16 00:00:00 EDT 2008
5908 MCLEAN DR,ELK GROVE,95757,CA,5,2592,Fri May 16 00:00:00 EDT 2008
8215 PEREGRINE WAY,CITRUS HEIGHTS,95610,CA,3,1401,Fri May 16 00:00:00 EDT 2008
1104 HILLSDALE LN,LINCOLN,95648,CA,4,0,Fri May 16 00:00:00 EDT 2008
2949 PANAMA AVE,CARMICHAEL,95608,CA,3,1502,Fri May 16 00:00:00 EDT 2008
1356 HARTLEY WAY,FOLSOM,95630,CA,3,1327,Fri May 16 00:00:00 EDT 2008
633 HANISCH DR,ROSEVILLE,95678,CA,4,1800,Fri May 16 00:00:00 EDT 2008
63 ANGEL ISLAND CIR,SACRAMENTO,95831,CA,4,2169,Fri May 16 00:00:00 EDT 2008
1571 WILD OAK LN,LINCOLN,95648,CA,5,2457,Fri May 16 00:00:00 EDT 2008
5222 COPPER SUNSET WAY,RANCHO CORDOVA,95742,CA,0,0,Fri May 16 00:00:00 EDT 2008
5601 SPINDRIFT LN,ORANGEVALE,95662,CA,4,2004,Fri May 16 00:00:00 EDT 2008
652 FIFTEEN MILE DR,ROSEVILLE,95678,CA,4,2212,Fri May 16 00:00:00 EDT 2008
7921 DOE TRAIL WAY,ANTELOPE,95843,CA,5,3134,Fri May 16 00:00:00 EDT 2008
4204 LUSK DR,SACRAMENTO,95864,CA,3,1360,Fri May 16 00:00:00 EDT 2008
5321 DELTA DR,ROCKLIN,95765,CA,4,0,Fri May 16 00:00:00 EDT 2008
5608 ROSEDALE WAY,SACRAMENTO,95822,CA,3,1276,Fri May 16 00:00:00 EDT 2008
3372 BERETANIA WAY,SACRAMENTO,95834,CA,4,2962,Fri May 16 00:00:00 EDT 2008
2422 STEFANIE DR,ROCKLIN,95765,CA,4,1888,Fri May 16 00:00:00 EDT 2008
3232 PARKHAM DR,ROSEVILLE,95747,CA,0,0,Fri May 16 00:00:00 EDT 2008
448 ELMWOOD CT,ROSEVILLE,95678,CA,3,0,Fri May 16 00:00:00 EDT 2008
1214 DAWNWOOD DR,GALT,95632,CA,3,1548,Fri May 16 00:00:00 EDT 2008
1440 EMERALD LN,LINCOLN,95648,CA,2,0,Fri May 16 00:00:00 EDT 2008
3349 CORVINA DR,RANCHO CORDOVA,95670,CA,4,2109,Fri May 16 00:00:00 EDT 2008
10254 JULIANA WAY,SACRAMENTO,95827,CA,4,2484,Fri May 16 00:00:00 EDT 2008
149 OPUS CIR,SACRAMENTO,95834,CA,4,2258,Fri May 16 00:00:00 EDT 2008
580 REGENCY PARK CIR,SACRAMENTO,95835,CA,3,2212,Fri May 16 00:00:00 EDT 2008
5544 CAMAS CT,ORANGEVALE,95662,CA,3,1616,Fri May 16 00:00:00 EDT 2008
5102 ARCHCREST WAY,SACRAMENTO,95835,CA,4,2372,Fri May 16 00:00:00 EDT 2008
5725 BALFOR RD,ROCKLIN,95765,CA,5,2606,Fri May 16 00:00:00 EDT 2008
7697 ROSEHALL DR,ROSEVILLE,95678,CA,5,0,Fri May 16 00:00:00 EDT 2008
4821 HUTSON WAY,ELK GROVE,95757,CA,5,2877,Fri May 16 00:00:00 EDT 2008
4509 WINJE DR,ANTELOPE,95843,CA,3,2960,Fri May 16 00:00:00 EDT 2008
1965 LAURELHURST LN,LINCOLN,95648,CA,2,0,Fri May 16 00:00:00 EDT 2008
6709 ROSE BRIDGE DR,ROSEVILLE,95678,CA,3,2172,Fri May 16 00:00:00 EDT 2008
281 SPYGLASS HL,ROSEVILLE,95678,CA,3,2100,Fri May 16 00:00:00 EDT 2008
7709 RIVER VILLAGE DR,SACRAMENTO,95831,CA,3,1795,Fri May 16 00:00:00 EDT 2008
4165 BRISBANE CIR,EL DORADO HILLS,95762,CA,3,0,Fri May 16 00:00:00 EDT 2008
506 BEDFORD CT,ROSEVILLE,95661,CA,4,2295,Fri May 16 00:00:00 EDT 2008
9048 PINTO CANYON WAY,ROSEVILLE,95747,CA,4,2577,Fri May 16 00:00:00 EDT 2008
2274 IVY BRIDGE DR,ROSEVILLE,95747,CA,0,0,Fri May 16 00:00:00 EDT 2008
14004 WALNUT AVE,WALNUT GROVE,95690,CA,3,1727,Fri May 16 00:00:00 EDT 2008
6905 FRANKFORT CT,ELK GROVE,95758,CA,3,1485,Fri May 16 00:00:00 EDT 2008
3621 WINTUN DR,CARMICHAEL,95608,CA,3,1655,Fri May 16 00:00:00 EDT 2008
201 KIRKLAND CT,LINCOLN,95648,CA,0,0,Fri May 16 00:00:00 EDT 2008
12075 APPLESBURY CT,RANCHO CORDOVA,95742,CA,0,0,Fri May 16 00:00:00 EDT 2008
1975 SIDESADDLE WAY,ROSEVILLE,95661,CA,3,2049,Fri May 16 00:00:00 EDT 2008
5420 ALMOND FALLS WAY,RANCHO CORDOVA,95742,CA,0,0,Fri May 16 00:00:00 EDT 2008
9677 PILLITERI CT,ELK GROVE,95757,CA,5,2875,Fri May 16 00:00:00 EDT 2008
1515 EL CAMINO VERDE DR,LINCOLN,95648,CA,0,0,Fri May 16 00:00:00 EDT 2008
556 PLATT CIR,EL DORADO HILLS,95762,CA,4,2199,Fri May 16 00:00:00 EDT 2008
1792 DIAMOND WOODS CIR,ROSEVILLE,95747,CA,4,0,Fri May 16 00:00:00 EDT 2008
1124 PERKINS WAY,SACRAMENTO,95818,CA,2,1304,Fri May 16 00:00:00 EDT 2008
4748 SALEM WAY,CARMICHAEL,95608,CA,3,2334,Fri May 16 00:00:00 EDT 2008
1484 RADCLIFFE WAY,AUBURN,95603,CA,4,2278,Fri May 16 00:00:00 EDT 2008
51 AIKEN WAY,SACRAMENTO,95819,CA,3,1493,Fri May 16 00:00:00 EDT 2008
2818 KNOLLWOOD DR,CAMERON PARK,95682,CA,3,0,Fri May 16 00:00:00 EDT 2008
1536 STONEY CROSS LN,LINCOLN,95648,CA,0,0,Fri May 16 00:00:00 EDT 2008
509 CASTILLIAN CT,ROSEVILLE,95747,CA,5,0,Fri May 16 00:00:00 EDT 2008
700 HUNTER PL,FOLSOM,95630,CA,5,2787,Fri May 16 00:00:00 EDT 2008
1240 FAY CIR,SACRAMENTO,95831,CA,5,2824,Fri May 16 00:00:00 EDT 2008
1113 SANDWICK WAY,FOLSOM,95630,CA,4,3261,Fri May 16 00:00:00 EDT 2008
3108 DELWOOD WAY,SACRAMENTO,95821,CA,4,2053,Fri May 16 00:00:00 EDT 2008
3212 CORNICHE LN,ROSEVILLE,95661,CA,4,2379,Fri May 16 00:00:00 EDT 2008
2159 BECKETT DR,EL DORADO HILLS,95762,CA,3,0,Fri May 16 00:00:00 EDT 2008
4320 FOUR SEASONS RD,PLACERVILLE,95667,CA,3,0,Fri May 16 00:00:00 EDT 2008
6401 MARSHALL RD,GARDEN VALLEY,95633,CA,3,0,Fri May 16 00:00:00 EDT 2008
2089 BECKETT DR,EL DORADO HILLS,95762,CA,4,0,Fri May 16 00:00:00 EDT 2008
6196 EDGEHILL DR,EL DORADO HILLS,95762,CA,5,0,Fri May 16 00:00:00 EDT 2008
200 HILLSFORD CT,ROSEVILLE,95747,CA,0,0,Fri May 16 00:00:00 EDT 2008
8217 PLUMERIA AVE,FAIR OAKS,95628,CA,3,3173,Fri May 16 00:00:00 EDT 2008
4841 VILLAGE GREEN DR,EL DORADO HILLS,95762,CA,4,0,Fri May 16 00:00:00 EDT 2008
3863 LAS PASAS WAY,SACRAMENTO,95864,CA,3,1348,Fri May 16 00:00:00 EDT 2008
820 DANA CT,AUBURN,95603,CA,4,0,Fri May 16 00:00:00 EDT 2008
1165 37TH ST,SACRAMENTO,95816,CA,2,1252,Fri May 16 00:00:00 EDT 2008
203 CASCADE FALLS DR,FOLSOM,95630,CA,4,3229,Fri May 16 00:00:00 EDT 2008
9880 IZILDA CT,SACRAMENTO,95829,CA,5,3863,Fri May 16 00:00:00 EDT 2008
1800 AVONDALE DR,ROSEVILLE,95747,CA,5,0,Fri May 16 00:00:00 EDT 2008
4620 BROMWICH CT,ROCKLIN,95677,CA,4,0,Fri May 16 00:00:00 EDT 2008
620 KESWICK CT,GRANITE BAY,95746,CA,4,2356,Fri May 16 00:00:00 EDT 2008
4478 GREENBRAE RD,ROCKLIN,95677,CA,0,0,Fri May 16 00:00:00 EDT 2008
8432 BRIGGS DR,ROSEVILLE,95747,CA,5,3579,Fri May 16 00:00:00 EDT 2008
200 CRADLE MOUNTAIN CT,EL DORADO HILLS,95762,CA,0,0,Fri May 16 00:00:00 EDT 2008
2065 IMPRESSIONIST WAY,EL DORADO HILLS,95762,CA,0,0,Fri May 16 00:00:00 EDT 2008
2982 ABERDEEN LN,EL DORADO HILLS,95762,CA,4,0,Fri May 16 00:00:00 EDT 2008
9401 BARREL RACER CT,WILTON,95693,CA,4,4400,Fri May 16 00:00:00 EDT 2008
3720 VISTA DE MADERA,LINCOLN,95648,CA,3,0,Fri May 16 00:00:00 EDT 2008
14151 INDIO DR,SLOUGHHOUSE,95683,CA,3,5822,Fri May 16 00:00:00 EDT 2008
7401 TOULON LN,SACRAMENTO,95828,CA,4,1512,Thu May 15 00:00:00 EDT 2008
9127 NEWHALL DR Unit 34,SACRAMENTO,95826,CA,1,611,Thu May 15 00:00:00 EDT 2008
5937 BAMFORD DR,SACRAMENTO,95823,CA,2,876,Thu May 15 00:00:00 EDT 2008
5672 HILLSDALE BLVD,SACRAMENTO,95842,CA,2,933,Thu May 15 00:00:00 EDT 2008
3920 39TH ST,SACRAMENTO,95820,CA,2,864,Thu May 15 00:00:00 EDT 2008
701 JESSIE AVE,SACRAMENTO,95838,CA,2,1011,Thu May 15 00:00:00 EDT 2008
83 ARCADE BLVD,SACRAMENTO,95815,CA,4,1158,Thu May 15 00:00:00 EDT 2008
601 REGGINALD WAY,SACRAMENTO,95838,CA,3,1092,Thu May 15 00:00:00 EDT 2008
550 DEL VERDE CIR,SACRAMENTO,95833,CA,2,956,Thu May 15 00:00:00 EDT 2008
4113 DAYSTAR CT,SACRAMENTO,95824,CA,2,1139,Thu May 15 00:00:00 EDT 2008
7374 TISDALE WAY,SACRAMENTO,95822,CA,3,1058,Thu May 15 00:00:00 EDT 2008
3348 RIO LINDA BLVD,SACRAMENTO,95838,CA,3,1040,Thu May 15 00:00:00 EDT 2008
3935 LIMESTONE WAY,SACRAMENTO,95823,CA,3,1354,Thu May 15 00:00:00 EDT 2008
6208 GRATTAN WAY,NORTH HIGHLANDS,95660,CA,3,1051,Thu May 15 00:00:00 EDT 2008
739 E WOODSIDE LN Unit E,SACRAMENTO,95825,CA,1,682,Thu May 15 00:00:00 EDT 2008
4225 46TH AVE,SACRAMENTO,95824,CA,3,1161,Thu May 15 00:00:00 EDT 2008
1434 BELL AVE,SACRAMENTO,95838,CA,3,1004,Thu May 15 00:00:00 EDT 2008
5628 GEORGIA DR,NORTH HIGHLANDS,95660,CA,3,1229,Thu May 15 00:00:00 EDT 2008
7629 BETH ST,SACRAMENTO,95832,CA,3,1249,Thu May 15 00:00:00 EDT 2008
2277 BABETTE WAY,SACRAMENTO,95832,CA,3,1161,Thu May 15 00:00:00 EDT 2008
6561 WEATHERFORD WAY,SACRAMENTO,95823,CA,3,1010,Thu May 15 00:00:00 EDT 2008
3035 ESTEPA DR Unit 5C,CAMERON PARK,95682,CA,0,0,Thu May 15 00:00:00 EDT 2008
5136 CABOT CIR,SACRAMENTO,95820,CA,4,1462,Thu May 15 00:00:00 EDT 2008
7730 ROBINETTE RD,SACRAMENTO,95828,CA,3,1269,Thu May 15 00:00:00 EDT 2008
87 LACAM CIR,SACRAMENTO,95820,CA,2,1188,Thu May 15 00:00:00 EDT 2008
1691 NOGALES ST,SACRAMENTO,95838,CA,4,1570,Thu May 15 00:00:00 EDT 2008
3118 42ND ST,SACRAMENTO,95817,CA,3,1093,Thu May 15 00:00:00 EDT 2008
7517 50TH AVE,SACRAMENTO,95828,CA,3,962,Thu May 15 00:00:00 EDT 2008
4071 EVALITA WAY,SACRAMENTO,95823,CA,3,1089,Thu May 15 00:00:00 EDT 2008
7928 36TH AVE,SACRAMENTO,95824,CA,3,1127,Thu May 15 00:00:00 EDT 2008
6631 DEMARET DR,SACRAMENTO,95822,CA,4,1309,Thu May 15 00:00:00 EDT 2008
7043 9TH AVE,RIO LINDA,95673,CA,2,970,Thu May 15 00:00:00 EDT 2008
97 KENNELFORD CIR,SACRAMENTO,95823,CA,3,1144,Thu May 15 00:00:00 EDT 2008
2636 TRONERO WAY,RANCHO CORDOVA,95670,CA,3,1000,Thu May 15 00:00:00 EDT 2008
1530 TOPANGA LN Unit 204,LINCOLN,95648,CA,0,0,Thu May 15 00:00:00 EDT 2008
3604 KODIAK WAY,ANTELOPE,95843,CA,3,1206,Thu May 15 00:00:00 EDT 2008
2149 COTTAGE WAY,SACRAMENTO,95825,CA,3,1285,Thu May 15 00:00:00 EDT 2008
8632 PRAIRIEWOODS DR,SACRAMENTO,95828,CA,3,1543,Thu May 15 00:00:00 EDT 2008
612 STONE BLVD,WEST SACRAMENTO,95691,CA,2,884,Thu May 15 00:00:00 EDT 2008
4180 12TH AVE,SACRAMENTO,95817,CA,3,1019,Thu May 15 00:00:00 EDT 2008
8025 ARROYO VISTA DR,SACRAMENTO,95823,CA,4,1392,Thu May 15 00:00:00 EDT 2008
5754 WALERGA RD Unit 4,SACRAMENTO,95842,CA,2,924,Thu May 15 00:00:00 EDT 2008
8 LA ROCAS CT,SACRAMENTO,95823,CA,3,1217,Thu May 15 00:00:00 EDT 2008
8636 LONGSPUR WAY,ANTELOPE,95843,CA,3,1670,Thu May 15 00:00:00 EDT 2008
1941 EXPEDITION WAY,SACRAMENTO,95832,CA,3,1302,Thu May 15 00:00:00 EDT 2008
4351 TURNBRIDGE DR,SACRAMENTO,95823,CA,3,1488,Thu May 15 00:00:00 EDT 2008
6513 HOLIDAY WAY,NORTH HIGHLANDS,95660,CA,3,1373,Thu May 15 00:00:00 EDT 2008
8321 MISTLETOE WAY,CITRUS HEIGHTS,95621,CA,4,1381,Thu May 15 00:00:00 EDT 2008
5920 VALLEY GLEN WAY,SACRAMENTO,95823,CA,3,1265,Thu May 15 00:00:00 EDT 2008
2601 SAN FERNANDO WAY,SACRAMENTO,95818,CA,2,881,Thu May 15 00:00:00 EDT 2008
501 POPLAR AVE,WEST SACRAMENTO,95691,CA,0,0,Thu May 15 00:00:00 EDT 2008
8008 SAINT HELENA CT,SACRAMENTO,95829,CA,4,1608,Thu May 15 00:00:00 EDT 2008
6517 DONEGAL DR,CITRUS HEIGHTS,95621,CA,3,1344,Thu May 15 00:00:00 EDT 2008
1001 RIO NORTE WAY,SACRAMENTO,95834,CA,3,1202,Thu May 15 00:00:00 EDT 2008
604 P ST,LINCOLN,95648,CA,3,1104,Thu May 15 00:00:00 EDT 2008
10001 WOODCREEK OAKS BLVD Unit 815,ROSEVILLE,95747,CA,2,0,Thu May 15 00:00:00 EDT 2008
7351 GIGI PL,SACRAMENTO,95828,CA,4,1859,Thu May 15 00:00:00 EDT 2008
7740 DIXIE LOU ST,SACRAMENTO,95832,CA,3,1232,Thu May 15 00:00:00 EDT 2008
7342 DAVE ST,SACRAMENTO,95828,CA,3,1638,Thu May 15 00:00:00 EDT 2008
7687 HOWERTON DR,SACRAMENTO,95831,CA,2,1177,Thu May 15 00:00:00 EDT 2008
26 KAMSON CT,SACRAMENTO,95833,CA,3,1582,Thu May 15 00:00:00 EDT 2008
7045 PEEVEY CT,SACRAMENTO,95823,CA,2,904,Thu May 15 00:00:00 EDT 2008
8916 GABLES MILL PL,ELK GROVE,95758,CA,3,1340,Thu May 15 00:00:00 EDT 2008
1140 EDMONTON DR,SACRAMENTO,95833,CA,3,1204,Thu May 15 00:00:00 EDT 2008
8879 APPLE PEAR CT,ELK GROVE,95624,CA,4,1477,Thu May 15 00:00:00 EDT 2008
9 WIND CT,SACRAMENTO,95823,CA,4,1497,Thu May 15 00:00:00 EDT 2008
8570 SHERATON DR,FAIR OAKS,95628,CA,3,960,Thu May 15 00:00:00 EDT 2008
1550 TOPANGA LN Unit 207,LINCOLN,95648,CA,0,0,Thu May 15 00:00:00 EDT 2008
1080 RIO NORTE WAY,SACRAMENTO,95834,CA,3,1428,Thu May 15 00:00:00 EDT 2008
5501 VALLETTA WAY,SACRAMENTO,95820,CA,3,1039,Thu May 15 00:00:00 EDT 2008
5624 MEMORY LN,FAIR OAKS,95628,CA,3,1529,Thu May 15 00:00:00 EDT 2008
6622 WILLOWLEAF DR,CITRUS HEIGHTS,95621,CA,4,1892,Thu May 15 00:00:00 EDT 2008
27 MEGAN CT,SACRAMENTO,95838,CA,4,1887,Thu May 15 00:00:00 EDT 2008
6601 WOODMORE OAKS DR,ORANGEVALE,95662,CA,3,1294,Thu May 15 00:00:00 EDT 2008
1973 DANVERS WAY,SACRAMENTO,95832,CA,3,1638,Thu May 15 00:00:00 EDT 2008
8001 ARROYO VISTA DR,SACRAMENTO,95823,CA,3,1677,Thu May 15 00:00:00 EDT 2008
7409 VOYAGER WAY,CITRUS HEIGHTS,95621,CA,3,1073,Thu May 15 00:00:00 EDT 2008
815 CROSSWIND DR,SACRAMENTO,95838,CA,3,1231,Thu May 15 00:00:00 EDT 2008
5509 LAGUNA CREST WAY,ELK GROVE,95758,CA,3,1175,Thu May 15 00:00:00 EDT 2008
8424 MERRY HILL WAY,ELK GROVE,95624,CA,3,1416,Thu May 15 00:00:00 EDT 2008
1525 PENNSYLVANIA AVE,WEST SACRAMENTO,95691,CA,0,0,Thu May 15 00:00:00 EDT 2008
5954 BRIDGECROSS DR,SACRAMENTO,95835,CA,3,1358,Thu May 15 00:00:00 EDT 2008
8789 SEQUOIA WOOD CT,ELK GROVE,95624,CA,4,1609,Thu May 15 00:00:00 EDT 2008
6600 SILVERTHORNE CIR,SACRAMENTO,95842,CA,4,1968,Thu May 15 00:00:00 EDT 2008
2221 2ND AVE,SACRAMENTO,95818,CA,2,1089,Thu May 15 00:00:00 EDT 2008
3230 SMATHERS WAY,CARMICHAEL,95608,CA,3,1296,Thu May 15 00:00:00 EDT 2008
5209 LAGUNA CREST WAY,ELK GROVE,95758,CA,2,1189,Thu May 15 00:00:00 EDT 2008
416 LEITCH AVE,SACRAMENTO,95815,CA,2,795,Thu May 15 00:00:00 EDT 2008
2100 BEATTY WAY,ROSEVILLE,95747,CA,3,1371,Thu May 15 00:00:00 EDT 2008
6920 GILLINGHAM WAY,NORTH HIGHLANDS,95660,CA,3,1310,Thu May 15 00:00:00 EDT 2008
82 WILDFLOWER DR,GALT,95632,CA,3,1262,Thu May 15 00:00:00 EDT 2008
8652 BANTON CIR,ELK GROVE,95624,CA,4,1740,Thu May 15 00:00:00 EDT 2008
8428 MISTY PASS WAY,ANTELOPE,95843,CA,3,1517,Thu May 15 00:00:00 EDT 2008
7958 ROSEVIEW WAY,SACRAMENTO,95828,CA,3,1450,Thu May 15 00:00:00 EDT 2008
9020 LUKEN CT,ELK GROVE,95624,CA,3,1416,Thu May 15 00:00:00 EDT 2008
7809 VALLECITOS WAY,SACRAMENTO,95828,CA,3,888,Thu May 15 00:00:00 EDT 2008
8445 OLD AUBURN RD,CITRUS HEIGHTS,95610,CA,3,1882,Thu May 15 00:00:00 EDT 2008
10085 ATKINS DR,ELK GROVE,95757,CA,3,1302,Thu May 15 00:00:00 EDT 2008
9185 CERROLINDA CIR,ELK GROVE,95758,CA,3,1418,Thu May 15 00:00:00 EDT 2008
9197 CORTINA CIR,ROSEVILLE,95678,CA,3,0,Thu May 15 00:00:00 EDT 2008
5429 HESPER WAY,CARMICHAEL,95608,CA,4,1319,Thu May 15 00:00:00 EDT 2008
1178 WARMWOOD CT,GALT,95632,CA,4,1770,Thu May 15 00:00:00 EDT 2008
4900 ELUDE CT,SACRAMENTO,95842,CA,4,1627,Thu May 15 00:00:00 EDT 2008
3557 SODA WAY,SACRAMENTO,95834,CA,0,0,Thu May 15 00:00:00 EDT 2008
3528 SAINT GEORGE DR,SACRAMENTO,95821,CA,3,1040,Thu May 15 00:00:00 EDT 2008
7381 WASHBURN WAY,NORTH HIGHLANDS,95660,CA,3,960,Thu May 15 00:00:00 EDT 2008
2181 WINTERHAVEN CIR,CAMERON PARK,95682,CA,3,0,Thu May 15 00:00:00 EDT 2008
7540 HICKORY AVE,ORANGEVALE,95662,CA,3,1456,Thu May 15 00:00:00 EDT 2008
5024 CHAMBERLIN CIR,ELK GROVE,95757,CA,3,1450,Thu May 15 00:00:00 EDT 2008
2400 INVERNESS DR,LINCOLN,95648,CA,3,1358,Thu May 15 00:00:00 EDT 2008
5 BISHOPGATE CT,SACRAMENTO,95823,CA,4,1329,Thu May 15 00:00:00 EDT 2008
5601 REXLEIGH DR,SACRAMENTO,95823,CA,4,1715,Thu May 15 00:00:00 EDT 2008
1909 YARNELL WAY,ELK GROVE,95758,CA,3,1262,Thu May 15 00:00:00 EDT 2008
9169 GARLINGTON CT,SACRAMENTO,95829,CA,4,2280,Thu May 15 00:00:00 EDT 2008
6932 RUSKUT WAY,SACRAMENTO,95823,CA,3,1477,Thu May 15 00:00:00 EDT 2008
7933 DAFFODIL WAY,CITRUS HEIGHTS,95610,CA,3,1216,Thu May 15 00:00:00 EDT 2008
8304 RED FOX WAY,ELK GROVE,95758,CA,4,1685,Thu May 15 00:00:00 EDT 2008
3882 YELLOWSTONE LN,EL DORADO HILLS,95762,CA,3,1362,Thu May 15 00:00:00 EDT 2008